timestamp,active_power_1,active_power_2,active_power_3,active_power_4,active_power_7,active_power_8
26-Dec-2017 08:59:59,1455.44,1392.97,3358.16,5287.6,5150.97,71989.7
04-Jan-2018 13:13:02,1249.52,1146.19,3370.41,5447.49,147314,81622.1
13-Dec-2017 15:32:11,0,10.4401,3447.27,5793.16,85163.1,2647.62
22-Feb-2018 09:16:01,0,82.3695,3430.09,5363.72,85720.2,90976.2
31-Mar-2018 08:47:45,1015.48,1087.9,3164.98,5068.03,146548,80940.4
04-Jan-2018 09:19:40,1189.02,1062.01,3272.34,5336.18,97626.2767577022,82984.4
16-Jan-2018 16:50:21,0,0.411026,33.7041,0,1.23308,1.02756
12-Jan-2018 23:57:17,0.0822051,0.411026,13.9749,0,1.23308,0.205513
12-Jan-2018 11:21:39,650.078,688.632,3713.29,6421.62,29232.6,38377.5
31-Mar-2018 18:54:49,130.788,631.829,3256.31,6056.55,83863.2,119610
12-Jan-2018 07:45:27,488.134,321.586,33.6219,0,2121.1,3867.34
31-Mar-2018 13:44:08,869.895,942.482,3018.82,5245.43,103139,69215.9
21-Feb-2018 09:06:47,365.895,270.619,3283.11,5812.97,86001,4532.79
12-Jan-2018 21:30:25,0.575436,0.0822051,0.657641,0,0.616539,0
01-Nov-2017 08:37:12,613.086,671.698,3431.65,6116.14,1085.11,61060.7
01-Nov-2017 12:23:19,0,8.46713,3245.71,5776.47,84227,93265.7655147043
27-Mar-2018 08:13:43,0,9.94682,3320.27,5987.33,87459.3,8300.46
21-Feb-2018 06:32:09,0,8.38492,3184.38,5801.13,88529,150020
12-Dec-2017 09:09:01,389.241,330.3,3459.85,6042.16,83856.8,5879.11
23-Dec-2017 18:07:23,438.482,272.674,4646.48,0,87488.2,3014.46
12-Jan-2018 03:52:07,1192.06,1114.37,3180.02,5525.75,119894,84438.6
30-Dec-2017 06:45:24,0,10.029,3292.81,5565.37,82429.6,29525.2
04-Jan-2018 23:33:43,1655.33403180691,282.749857874063,0,0,889866.364433374,572413.629016033
31-Mar-2018 08:47:44,1027.48,1069.57,3013.56,5448.06,155552,81415.8
28-Mar-2018 16:15:38,884.692,905.983,3300.78,5327.06,93540.4,85043.9
04-Jan-2018 06:59:30,0,712.554,3390.22,5750.33,81339.5,71389.4
22-Feb-2018 23:25:31,0,9.94682,3418.66,5624.64,85727.6,103736
22-Feb-2018 05:05:12,494.628,481.064,3242.66,5730.6,85418.1,12099.4
21-Feb-2018 21:33:21,0.0822051,0.328821,0,0.16441,2.67167,0
18-Jan-2018 09:48:44,1174.71,1163.28,3141.8,5370.46,83785.9,80178.8
03-Jan-2018 14:03:22,1284.54,1219.35,3123.3,5353.69,83783.7,87313
28-Mar-2018 18:22:13,0,0.16441,0,0,1.84962,2.05513
22-Feb-2018 09:19:53,0,879.348,3093.95,5489.82,85731.9,60162.4
11-Jan-2018 05:50:52,1225.84,1238.17,3195.89,5700.19,85177.9,82246.2
03-Jan-2018 07:55:42,1115.77,1055.02,3220.88,5514.81,82472.7,81399.3
13-Dec-2017 22:55:45,1005.29,1073.35,3227.62,5956.17,132370,72238.8
01-Nov-2017 06:28:11,0,8.79595,2805.5,6295.43,73268.8,138349
19-Jan-2018 19:53:38,0.16441,0,0.739846,0.657641,0,0
31-Mar-2018 11:06:26,980.05,1063.98,2996.13,5164.62,126828,83553.5
17-Jan-2018 22:43:52,581.684,347.481,3298.23,5807.71,85704.8,17699.4
23-Dec-2017 18:26:24,1093.41,1098.34,3475.88,5596.94,18294.8,68528.3
29-Dec-2017 09:47:21,535.32,379.952,3319.77,5996.04,88229.7,19219.6
22-Feb-2018 20:53:40,0,0.822051,0,0,1.6441,0
18-Jan-2018 13:35:39,1173.48,1196.5,3150.51,5531.01,86738.3,82061.7
01-Nov-2017 14:15:21,0,11.1799,3146.07,5926.58,75016.7,6192.31
23-Dec-2017 11:04:04,1237.76,1249.68,3311.55,5319,85271.4,82718.7
01-Nov-2017 05:46:14,1192.55,1239,3452.94,5831.63,3144.96,84802.2
26-Dec-2017 21:32:10,0.822051,0.493231,0,0.16441,1.02756,0
31-Mar-2018 08:47:42,1008.9,1076.81,2975.09,5074.85,150282,80945.8
22-Feb-2018 09:19:55,0,10.5223,3093.54,5609.43,84525.6,121016
29-Dec-2017 17:03:22,0,0,0.822051,0,0,0
28-Mar-2018 14:14:24,0,10.1112,3505.64,5932.09,80878.1,53601.7
29-Mar-2018 06:42:19,1123.74,1195.34,3145.42,5519.75,83536.6,81442.3
18-Jan-2018 19:22:41,0.575436,0,0.575436,0.739846,1.23308,0
17-Jan-2018 21:39:19,0,0,0,0.575436,1.6441,0.616539
31-Mar-2018 11:06:29,967.801,1028.22,3173.12,5154.84,147909,82122.1
01-Nov-2017 22:56:35,0,12.0842,3708.44,6825.9,3732.94,0
13-Dec-2017 01:26:46,437.085,353.482,3462.81,5524.84,65546.3,547.692
28-Mar-2018 10:24:06,991.147,1040.14,3107.44,5529.36,86628.6,80579.7
13-Dec-2017 05:39:02,299.473,253.603,3164.24,5796.45,83082.5,4235
01-Nov-2017 07:37:39,0,993.367,3075.29,6081.86,80101.3,86857.7
26-Dec-2017 21:55:40,0,0.739846,0.246615,0,0.205513,0.616539
17-Jan-2018 00:29:41,1369.62,1232.91,3245.95,5274.12,82560.5,82592.3
01-Nov-2017 10:36:04,0.411026,0.328821,19.4004,0,0.411026,0
29-Mar-2018 18:18:12,0.246615,0,0,0,0,0
19-Jan-2018 02:39:05,1221.4,1188.44,3206.41,5342.26,85148.5,86261.1
27-Mar-2018 09:17:53,0,0.657641,4881.83,0,89416,0
01-Nov-2017 11:30:22,0,11.8375,3413.4,6592.36,50071.4,0
17-Jan-2018 10:45:24,1386.72,1331.48,3278.18,5668.04,87148.5,84474.4
23-Dec-2017 20:28:35,1304.76,1217.7,3128.89,5459.74,88642.8,84004.2
29-Dec-2017 01:39:31,1354.33,1242.37,3305.3,5544.24,84605.5,82545.9
21-Feb-2018 18:35:32,0.16441,0.411026,0.986462,0,0,0.205513
12-Dec-2017 12:03:45,0,22.853,3292.48,5598.91,86103.5,28711
12-Dec-2017 18:11:03,0,0.739846,0.575436,0.16441,0,0.822051
13-Jan-2018 09:49:35,1264.23,1196.99,3263.95,5771.79,87014.1,83904.5
19-Jan-2018 13:27:25,1066.12,1117.91,3187.18,5269.43,79010.2,85992.9
01-Nov-2017 11:41:26,0,10.8511,3329.8,6653.03,60928.4,0
13-Jan-2018 11:02:30,1163.61,1167.97,3231.07,5578.28,79784.2,82305.2
27-Mar-2018 04:33:04,1102.12,1166.16,3356.76,5316.04,83681.5,82385.4
01-Nov-2017 06:27:23,0,10.029,3130.54,6542.38,71237.5,137034
18-Jan-2018 08:07:30,444.976,269.222,4693.26,0,81389.5,2036.43
12-Jan-2018 09:32:44,1384.58,1350.71,3278.42,5499.44,84739.3,83220
12-Dec-2017 01:10:12,1165.09,1215.24,3256.56,5394.3,85067.3,82845.9
13-Jan-2018 06:48:58,526.935,332.766,3365.72,5545.39,9019.14,5074.73
03-Jan-2018 11:27:53,1416.64,1193.95,3419.08,5676.35,156134,86983.9
19-Jan-2018 13:36:08,407.902,9.45359,3154.13,5673.55,85752.9,3637.99
01-Nov-2017 14:07:38,924.808,951.689,3108.5,5509.96,112966,63819.8
18-Jan-2018 22:02:31,0.16441,0.246615,0,0,0,0
12-Dec-2017 04:55:05,1153.5,1219.18,3168.6,5240.41,79790.4,79868.9
01-Nov-2017 06:28:12,0,9.12477,3174.76,6412.25,72493,165695
01-Nov-2017 19:25:09,0.657641,0.739846,0.246615,0.0822051,0,1.84962
13-Dec-2017 05:15:28,452.21,419.822,3571.32,6105.87,49489.8,12004.6
01-Nov-2017 06:11:42,604.537,697.428,3661.17,6567.86,2291.06,44840.2
01-Nov-2017 18:26:31,0,0,0,0.0822051,0.411026,0
29-Dec-2017 12:48:35,1299.58,1191.32,3232.47,5248.96,84513,83317.8
23-Dec-2017 20:28:28,1296.87,1207.1,3301.44,5571.95,85735.6,84981.2
12-Jan-2018 18:34:11,0,0.904256,0.822051,0.16441,0,0
03-Jan-2018 11:27:48,1404.06,1245,3305.88,5553.29,119504,84186.9
04-Jan-2018 22:23:54,1177.1,1154.41,3568.11,6138.09,65652.7,56141.2
29-Mar-2018 10:45:02,1237.84,1328.35,3411.27,5715.56,22628.2,86328.1
23-Dec-2017 11:21:37,1289.72,1281.74,3187.18,5486.53,85381.1,84207.9
01-Nov-2017 22:43:58,0,11.5087,3509.5,6926.85,3223.88,1022.22
23-Dec-2017 16:02:51,1149.56,1089.3,3142.46,5450.28,84899.6,85719.4
19-Jan-2018 20:22:19,0,0.739846,0,0,0.411026,1.84962
29-Mar-2018 17:16:03,0.328821,0,0,0,0,0
29-Dec-2017 12:12:16,1265.63,1151.94,3152.98,5333.14,87972.2,82490.8
29-Dec-2017 03:51:45,0,10.3578,3360.22,6223.67,87688.2,2926.71
31-Mar-2018 08:47:43,1023.62,1059.21,3048.33,5228.25,157988,83096.6
12-Dec-2017 13:11:31,0,0,17.0987,0,2.46615,0
21-Feb-2018 02:38:13,0,9.78241,3385.615,5434.42,81870.1,131645
16-Jan-2018 14:51:59,908.202,902.037,3166.3,5634.83,76127.3,61306.7
22-Feb-2018 09:19:59,0,9.45359,3289.52,5854.16,87160.3,114170
12-Dec-2017 09:54:27,1233.08,1310.43,3127.99,5668.54,80108.1,82509.5
01-Nov-2017 13:47:01,0,866.607,3167.61,5747.45,74715.4,138835
29-Dec-2017 05:18:18,1412.45,1291.61,3190.55,5658.43,85039.6,84501.7
18-Jan-2018 04:19:13,0,9.28918,3348.63,6594.41,48725.7,4599.99
03-Jan-2018 00:07:53,1298.59,1224.86,3344.6,5477.57,85581.1,90937.8
28-Mar-2018 16:15:49,900.064,906.805,3396.72,5423.15,104077,90457.5
01-Nov-2017 12:21:59,0,953.662,3285.99,5643.79,79801.7,133725
26-Dec-2017 12:43:16,1168.63,1201.26,3355.53,5619.71,50287.8,64637.1
19-Jan-2018 18:35:45,0.822051,0,0.0822051,0,0.822051,2.26064
01-Nov-2017 22:10:46,753.985,0,3340.82,6678.51,62863.1,50111.4
23-Dec-2017 20:01:41,457.472,317.394,3422.69,6025.88,85023.3,6458.04
21-Feb-2018 01:23:22,0,10.7689,3425.24,5570.22,90026.3,7559.17
27-Mar-2018 14:47:59,0,9.78241,3436.34,5707.01,81793.9,3260.67
01-Nov-2017 23:47:29,0,8.54933,3223.84,5724.35,75952.4,156139
17-Jan-2018 05:23:15,1205.7,1107.8,0,6484.83,4019.01,75244
28-Mar-2018 08:33:13,874.169,918.807,3231.4,5385.59,70502.2,85705.2
12-Jan-2018 09:41:10,1418.86,1362.47,3513.78,5520.32,15898.7,83774.6
22-Feb-2018 11:44:55,1035.87,1107.47,3378.88,5428.17,86855.1,80948.4
31-Mar-2018 13:44:10,880.581,949.798,3098.72,5496.32,133899,70314.2
31-Mar-2018 04:41:08,0.246615,0,0,0.16441,0,0
29-Mar-2018 20:30:33,0.411026,0.739846,0,0,0.822051,1.6441
22-Feb-2018 08:33:07,452.621,358.25,7.23405,0,2463.07,2180.7
04-Jan-2018 20:23:43,0.328821,0,1.06867,0.904256,0,0.822051
11-Jan-2018 02:27:31,1269.17,1209.57,3128.32,5430.22,82956.5,83046.3
13-Dec-2017 16:12:00,0,13.0706,3309.83,6364.32,89276.6,0
23-Dec-2017 18:18:15,1201.35,1174.96,0,6468.8,5180.98,73777.3
22-Feb-2018 21:46:53,0,0.739846,5281.52,0,3215.45,0
30-Dec-2017 18:19:41,0,19.8936,3293.47,5589.46,89806.6,128969
18-Jan-2018 06:27:21,0,10.1112,3351.75,5731.34,80073.6,7584.25
13-Jan-2018 09:52:23,1273.44,1198.47,3407.16,5521.97,56318.7,83043.6
13-Dec-2017 06:36:30,1206.11,1284.46,3190.13,5614.45,81307.7,83754.7
27-Mar-2018 14:11:33,1033.73,1064.64,3201.73,5416.99,87617.7,84334.9
13-Dec-2017 05:48:42,1184.82,1242.04,3571.81,5538.98,1704.52,71528.5
31-Mar-2018 14:41:02,973.309,1004.14,3270.2,5624.72,85342.7,87599.4
21-Feb-2018 06:22:04,0,8.38492,3253.76,5688.43,84534,111822
04-Jan-2018 05:37:50,1226.99,1161.39,3234.28,5739.64,84374.5,84750.4
12-Dec-2017 18:06:17,0.739846,0.493231,0.328821,0,0,0
22-Feb-2018 10:05:13,0,11.0977,3499.97,6564.24,62856.1,5106.99
01-Nov-2017 06:49:43,1043.35,1054.28,3086.23,6026.54,79983.3,78141.1
31-Mar-2018 16:07:40,0,1042.77,3269.54,5621.84,83901.2,86151.6
23-Dec-2017 20:29:52,1255.44,1231.1,3058.36,5199.15,124330.692089147,83661.4
31-Mar-2018 07:15:41,1120.29,1241.3,3364.16,5672.56,81268.4,82091.1
12-Jan-2018 09:41:35,1400.12,1409.82,3507.86,5740.3,144588,79861.3
01-Nov-2017 06:28:13,0,7.80949,3080.56,6674.73,71507.2,45115.4
19-Jan-2018 17:18:36,0,0,0,0.328821,2.46615,0.616539
01-Nov-2017 09:40:04,1010.14,1012.52,3268.31,6236.25,4131.84,56155.1
28-Mar-2018 04:16:08,1066.78,1104.1,3336.46,5253.4,85237.1,84390.6
11-Jan-2018 17:55:05,0,0.904256,1.6441,0,1.23308,2.05513
23-Dec-2017 15:04:23,1221.24,1152.6,3169.67,5624.89,84433.3,80420.5
01-Nov-2017 12:23:14,0,8.63154,3152.73,6095.76,84697.4,131660
26-Dec-2017 03:22:46,1169.61,1088.23,3282.86,5358.38,82994.3,84083.5
18-Jan-2018 20:28:27,1.15087,0,0.16441,0.411026,0.822051,1.02756
12-Dec-2017 15:50:58,1094.88205358487,1192.63525283288,3234.10181713663,5370.50185081467,84755.6772682722,81634.0036671148
12-Dec-2017 07:54:17,0,10.4401,3362.35,6156.92,82023.3,834.793
27-Mar-2018 09:09:59,0,0.411026,4799.71,0,86185.1,0
04-Jan-2018 10:26:50,1118.32,1089.3,3341.15,5697.23,61342.1,76063.8
03-Jan-2018 11:27:46,1419.27,1267.44,3462.56,5485.63,134970,85069.8
22-Feb-2018 17:17:54,0,0,0,0,0,0.205513
27-Mar-2018 23:25:24,1094.23,1131.96,3467.25,5942.86,74821.5,80916.6
13-Dec-2017 08:53:13,1226.34,1282.56,3400.58,5567.34,28537.3,85380.1
29-Mar-2018 16:00:13,1022.47,1027.65,3346,5487.44,89880.8,85089.3
29-Mar-2018 21:12:34,0,0,0,0.246615,1.43859,0
23-Dec-2017 17:41:45,1148.16,1082.48,3191.61,5606.31,84170.7,83310.8
31-Mar-2018 18:09:54,906.887,963.115,3165.31,5628.34,140894,61513.5
11-Jan-2018 07:00:52,1153.91,1109.93,3053.84,5205.31,79623.5,77336.3
31-Mar-2018 10:38:08,985.722,1023.13,3123.38,5527.56,122613,78780.9
11-Jan-2018 21:32:10,0,0,0.657641,0.16441,0.822051,2.05513
22-Feb-2018 23:41:24,0,9.94682,3469.39,5680.21,86748.6,63231.4
12-Dec-2017 13:08:20,0,0.411026,17.8385,0,0.822051,1.6441
12-Jan-2018 21:56:24,0.493231,0.16441,0,0,0,0
30-Dec-2017 18:20:44,0,8.79595,3364.66,6028.35,88833.1,131691
18-Jan-2018 05:00:58,1213.1,1106.56,3210.6,5756.33,99380.7,84386.7
12-Dec-2017 10:58:26,1234.39,1265.71,3268.15,5832.04,83359.7,81749.1
12-Jan-2018 07:29:58,1139.45,1105.25,3154.13,5627.11,85877.9,79426.4
03-Jan-2018 15:02:45,1288.81,1235.46,3565.73,5646.01,3100.98,84078
31-Mar-2018 05:58:39,0.493231,0.411026,0,0,2.67167,0
23-Dec-2017 11:30:14,439.058,281.306,4767.16,0,85596.9,2068.08
01-Nov-2017 20:07:17,0.16441,0,0,0.16441,0,0
01-Nov-2017 07:17:22,967.965,1013.67,3183.06,5807.46,85521.9,78497.1
17-Jan-2018 11:18:24,455.992,274.401,3239.29,5803.68,74803,28925.7
04-Jan-2018 23:15:12,250.942694473621,59.9742415663786,0,0,143185.575509123,92297.7945026305
12-Dec-2017 18:48:35,0.822051,0.411026,0.493231,0.904256,0.411026,0
12-Jan-2018 12:00:02,1156.3,1166.41,3310.89,5355.83,6350.14,84292.7
28-Mar-2018 23:21:28,1014.74,1056.01,3348.13,5642.64,124726,86122.4
12-Jan-2018 21:18:21,0.246615,1.06867,2.71277,0,2.26064,0.822051
13-Dec-2017 03:59:43,585.794,693.154,0,6384.13,2603.44,25455.6
28-Mar-2018 01:04:50,1089.88,1122.68,3424.83,5496.48,83618.9,84010.4
29-Mar-2018 07:31:24,1063.82,1172.25,3088.61,5675.77,82303,71121.8
26-Dec-2017 18:15:14,0.16441,0,1.39749,0,1.02756,1.02756
22-Feb-2018 22:12:31,0,10.6045,3218.5,5691.39,86344,68651.4
03-Jan-2018 19:17:29,1.06867,0.16441,0.328821,0,0.822051,0
26-Dec-2017 13:14:55,0,10.6867,3535.31,6145.98,2356.82,0
12-Dec-2017 10:26:46,0,11.0155,0,6064.03,3351.09,2159.73
01-Nov-2017 05:27:01,0,8.96036,3001.31,5854.24,87169.5,123015
17-Jan-2018 09:16:38,1306.32,1222.97,3133.99,5610.99,77143.6,72862.1
12-Jan-2018 22:49:46,1370.93,1267.93,3427.95,5835.41,119964,76360.1
29-Dec-2017 12:35:19,1328.43,1217.29,3531.78,5710.71,3998.46,85674.8
29-Mar-2018 03:54:14,887.322,960.567,3053.84,5594.72,86253.1,101828
13-Jan-2018 13:49:30,1172.25,1119.8,3124.29,5250.52,87271.2,82388.2
12-Dec-2017 20:57:44,0,0,0,0,0,0
29-Mar-2018 15:22:19,1004.05,1032.5,3225.24,5694.1,84316.4,81868.5
19-Jan-2018 01:29:56,0,1.15087,4752.77,0,83971.3,1579.37
13-Dec-2017 09:31:43,1225.27,1332.22,3622.12,5409.76,2003.03,82906.3
23-Dec-2017 18:23:45,951.36,968.212,3435.93,5765.29,146248,61509.8
12-Jan-2018 01:08:17,1251,1195.1,3300.78,5693.86,85327.3,87572.5
13-Dec-2017 07:09:19,1130.81,1196.25,3231.48,5581.98,82513,69914.9
28-Mar-2018 19:03:05,0.16441,0,0,0,1.43859,0
04-Jan-2018 16:27:01,1162.54,1134.92,3061.48,5520.32,167195,78805.1
26-Dec-2017 10:18:16,1423.22,1349.23,3312.7,5466.23,87597.8,82816.7
28-Mar-2018 17:25:26,0,0,0,0,0,0
04-Jan-2018 12:19:55,1191.07,1144.62,3200.82,5509.8,86446.3,83874.5
31-Mar-2018 21:00:55,1229.79,1332.55,3309.99,5305.35,78132.1,86257.9
27-Mar-2018 18:49:24,0,0,0.822051,0.16441,0.822051,3.69923
01-Nov-2017 08:38:59,792.375,857.728,3538.19,5962.34,1232.46,60012.6
16-Jan-2018 17:23:37,0.0822051,0,0,0.16441,0,0
29-Dec-2017 12:14:56,1256.09,1174.63,3174.93,5334.87,86712.9,82481.8
12-Dec-2017 04:08:48,1181.37,1265.14,0,5630.72,1826.6,78169.1
12-Dec-2017 16:26:28,1116.92,1171.67,3350.02,5319.66,84180.5,84667
29-Dec-2017 23:53:27,935.33,990.161,3342.3,6200.16,78934.4,53534
31-Mar-2018 16:51:40,963.937,1009.81,3063.37,5632.53,84237,81014
29-Dec-2017 08:51:23,1397.08,1291.03,3598.61,5597.35,2310.79,88974.7
12-Jan-2018 13:54:04,1080.67,1082.31,3120.75,5231.37,85439.5,81629.5
21-Feb-2018 18:18:03,1.06867,1.15087,0.16441,0,0,0.411026
31-Mar-2018 05:59:21,0.822051,0,0,0.411026,0.616539,0
17-Jan-2018 20:18:27,0,0.0822051,0.493231,0,1.43859,0
13-Jan-2018 22:49:55,1322.19,1282.4,3356.19,5623.9,83200.4,85453.5
04-Jan-2018 09:33:47,0,9.28918,3413.07,6086.88,85288.9,1537.24
18-Jan-2018 04:17:05,715.102,754.314,3299.14,6383.23,127717,71685.3
29-Mar-2018 23:49:13,1184.74,1208.42,3339.83,5558.22,87585.3,84377.8
29-Dec-2017 09:06:39,1367.24,1292.02,3515.17,5612.8,2777.09,84895.3
28-Mar-2018 14:13:02,0,1041.29,3313.85,5556.08,80830.7,87771.7
22-Feb-2018 23:23:19,0,10.1934,3432.64,5683.42,86901.3,65999.6
01-Nov-2017 19:40:57,0,0,0,0,0,0
31-Mar-2018 18:27:48,1042.03,1038.5,3289.44,5934.96,144862,73736.6
28-Mar-2018 23:21:24,1018.11,1017.54,3312.21,5597.59,140421,88586.1
11-Jan-2018 00:43:56,424.343,272.099,3682.21,6273.07,10234.1,12144.8
17-Jan-2018 04:26:50,1327.12,1200.61,3090.58,5318.92,86187.6,84832.6
21-Feb-2018 06:32:08,0,9.20697,3079.24,5468.37,86455.6,142553
04-Jan-2018 05:08:22,858.057,859.208,0,6737.61,4326.05,54986.4
11-Jan-2018 15:17:28,1049.51,1026,0,6532.76,4241.37,64168.3
28-Mar-2018 18:05:42,0.246615,0,0,0,0.411026,1.02756
18-Jan-2018 15:17:33,1184.08,1171.34,3250.8,5429.16,86479.6,85730.1
22-Feb-2018 15:52:04,0,8.54933,3132.59,5781.24,68528.9,119891
22-Feb-2018 16:10:16,0,1242.53,3252.94,5444.28,87608.1,95666.4
31-Mar-2018 23:50:28,452.786,382.418,3262.15,5684.57,79620.6,9380.63
22-Feb-2018 21:57:13,1129.91,1166,3546.25,6073.89,54549.3,48684.3
13-Dec-2017 18:14:32,0.411026,0.246615,0.986462,0.246615,0.822051,0
22-Feb-2018 20:31:17,0,0,0,0,0.616539,0
18-Jan-2018 03:04:17,1267.27,1153.83,3344.93,5482.42,84715.9,83316.3
11-Jan-2018 17:24:43,0,0,2.46615,0,0,1.84962
13-Dec-2017 05:44:39,988.106,1075,3463.55,5991.52,2907.39,58229
28-Mar-2018 07:28:45,1014.08,1063.16,3011.5,5349.25,161020,83535.4
03-Jan-2018 18:24:45,0,0,0.246615,0,0,0
03-Jan-2018 08:22:50,0,9.94682,3280.56,5820.37,85549.4,605.852
26-Dec-2017 22:40:10,1410.64,1353.34,3242.42,5737.92,85817.8,71444.7
30-Dec-2017 14:38:35,1149.47,1115.19,3203.04,5391.18,85541.8,84667.4
04-Jan-2018 20:46:48,0.411026,0.411026,0,0,0,0.616539
01-Nov-2017 07:55:41,0,848.439,3055.48,5982.15,77663.9,136126
28-Mar-2018 14:27:06,1024.69,1050.66,3189.15,5831.63,127788,79112.6
11-Jan-2018 15:17:01,1042.03,1059.54,0,6314.09,3988.59,60452
13-Jan-2018 17:12:23,1270.81,1165.42,3385.21,5414.85,52766.7,86269.8
30-Dec-2017 07:49:26,1323.67,1209.98,3205.34,5349.33,82455.5,85997.9
29-Mar-2018 07:37:27,1187.62,1267.19,3392.03,5656.7,6389.19,85182.4
04-Jan-2018 20:37:10,0.657641,0,0.16441,0,0,1.02756
27-Mar-2018 14:52:52,520.441,486.654,3334.82,5806.48,84746.3,25239.2
23-Dec-2017 22:29:36,1317.5,1300.73,3061.4,5606.47,83518.4,85089.9
26-Dec-2017 09:22:37,484.188,295.938,3360.13,5532.57,88954.8,4852.16
26-Dec-2017 02:38:56,1186.55,1119.39,3351.01,5634.59,85752.7,84995.2
13-Dec-2017 09:05:13,1241.54,1249.02,3264.12,5541.53,46273.1,82111.6
22-Feb-2018 15:52:08,0,9.20697,3074.72,5555.01,66830.5,129209
18-Jan-2018 23:14:12,1313.23,1304.68,3386.77,5719.34,87459.9,82600.1
31-Mar-2018 18:27:47,1001.34,1061.93,3183.64,5769.07,128577,72819.4
26-Dec-2017 17:00:07,0,0.657641,0.739846,0,0.411026,0.822051
29-Dec-2017 01:47:06,1387.05,1303.28,3261.82,5632.2,85638.4,83020.2
12-Jan-2018 20:18:53,0.575436,0,1.47969,0.0822051,0,0
17-Jan-2018 17:28:16,0,0,0.657641,0,1.6441,0
30-Dec-2017 04:01:47,1164.85,1092.83,3167.03,5144.07,82964.1,81385.8
29-Mar-2018 10:44:13,1255.6,1319.97,3327.75,5616.01,86683.5,82852.1
01-Nov-2017 12:23:16,0,9.70021,3096.09,5878.24,80758.7,111467
13-Jan-2018 17:44:53,1204.96,1183.1,3195.72,5793.65,30339.7,83706.6
11-Jan-2018 16:53:33,0,0.0822051,2.38395,0,0,0.616539
12-Jan-2018 13:42:27,1056.83,1089.05,3102.59,5466.81,83233.5,80762.4
04-Jan-2018 10:08:55,0,0,4883.23,0,2249.54,0
11-Jan-2018 19:01:07,0.575436,0,0.822051,0,1.43859,0
29-Mar-2018 03:56:42,0,9.45359,2923.79,5785.76,85771.6,110467
22-Feb-2018 10:15:16,1219.6,1224.45,3322.73,6046.68,5432.94,75866.3
23-Dec-2017 13:29:30,1224.86,1105.41,2969.5,5426.03,144208,86272.6
12-Dec-2017 21:33:57,0,0.328821,0.411026,0.0822051,0,0
04-Jan-2018 18:16:01,0.822051,0.904256,0,0,1.23308,0
29-Dec-2017 23:16:23,0,11.6731,3609.71,5959.21,49158.5,2820.25
28-Mar-2018 16:21:27,0,10.4401,3339.09,5461.46,76939.1,88223
12-Jan-2018 12:58:20,1084.45,1080.01,3199.09,5523.86,83875.8,80683.7
11-Jan-2018 10:36:15,1222.47,1233.32,3121.58,5129.35,86028.9,80617.5
29-Dec-2017 08:03:57,1383.35,1319.06,3295.52,5266.39,84942.4,83214.8
17-Jan-2018 01:52:46,566.969,327.752,3191.7,6055.72,89156.8,5247.15
12-Dec-2017 23:23:57,0,1.47969,5052.49,0,78744.3,1041.54
28-Mar-2018 08:15:46,859.537,889.377,3301.85,5637.46,13514.1,82116.4
23-Dec-2017 00:33:07,1383.84,1241.79,3206.9,5335.11,84755.5,81322.2
30-Dec-2017 06:59:09,1197.07,1066.04,3470.78,5487.19,3406.17,75611.7
04-Jan-2018 14:26:56,1225.35,1155.48,3315.17,5400.14,84064.2,79466.9
28-Mar-2018 16:15:45,870.552,913.463,3276.7,5574.17,98104.4,87541.7
29-Dec-2017 00:27:31,1379.48,1325.89,3280.48,5427.35,88144.5,85254.3
16-Jan-2018 16:35:44,1230.12,1108.37,3135.3,5371.04,84637.6,82749.3
13-Jan-2018 23:52:21,1313.8,1243.43,3224.41,5530.19,135400,85170.5
21-Feb-2018 21:55:48,0,0,0.0822051,0.16441,0.822051,0
19-Jan-2018 02:40:18,1216.55,1198.8,3298.15,5236.71,83309.6,85035.5
18-Jan-2018 04:46:27,0,8.13831,3439.05,5633.19,89167.3,13443.8
22-Feb-2018 16:38:57,1155.39,1245.57,3342.87,5426.11,87140.3,81732.9
30-Dec-2017 12:30:36,1267.85,1176.77,3145,5496.48,87155.5,82465.7
31-Mar-2018 11:06:28,975.939,1024.03,3014.38,5462.94,133958,82901.2
04-Jan-2018 09:19:37,1147.17,1050.91,2970.56,5475.85,128355,83308.7
12-Jan-2018 12:06:03,0,9.28918,3423.35,5704.3,75720.6,138387
11-Jan-2018 20:50:46,0.246615,0,3.37041,0,0,0
12-Dec-2017 16:37:30,1091.03,1198.63,3288.04,5334.37,85374.6,84198.4
28-Mar-2018 11:49:11,0,1020.41,3471.28,5465,87220.7,91863.6
13-Dec-2017 01:10:25,0,11.4265,3415.54,5430.55,83031.7,0
23-Dec-2017 04:39:48,996.573,1028.47,3483.28,6354.21,2836.69,58055.9
19-Jan-2018 19:41:48,0.822051,0.411026,0,0,0.205513,1.02756
16-Jan-2018 18:01:28,0.739846,0,0.575436,0,0,2.67167
01-Nov-2017 06:27:10,106.209,901.79,3211.84,6309,71318.7,135384
13-Jan-2018 17:40:43,1171.26,1148.98,3189.39,5516.62,159982,82072
13-Dec-2017 04:13:30,600.015,827.559,3760.47,5941.13,43955.9,38168.9
29-Dec-2017 08:30:43,1419.35,1293.33,3517.72,5515.64,28861.2,84523.1
04-Jan-2018 09:19:39,1200.52,1078.12,3271.44,5640.83,156602,84075.5
12-Dec-2017 13:17:10,0,0,18.4139,0,0,0
13-Dec-2017 08:21:25,0,9.45359,3242.58,6055.56,78083.6,1004.34
13-Jan-2018 11:55:08,602.564,628.951,3406.5,6131.02,2811.83,38911.2
23-Dec-2017 07:02:21,0,0,15.1257,0,1.84962,0
13-Jan-2018 20:36:15,1220.34,1231.43,3249.9,5190.51,85491.1,81278.9
18-Jan-2018 23:44:22,1277.22,1251.9,3345.01,5610.34,87841.1,86896.4
11-Jan-2018 20:02:56,0,0,0,0,0.822051,0
16-Jan-2018 15:53:37,0,1105.33,3273.98,5518.51,81746,84257.6
03-Jan-2018 06:23:26,1242.2,1240.06,3511.15,5937.18,5872.73,77487.6
31-Mar-2018 13:44:12,845.151,938.947,3041.43,5782.8,133898,68993.7
17-Jan-2018 11:17:52,531.703,436.591,3320.76,5516.21,74251.8,26983.2
21-Feb-2018 09:07:41,368.361,268.646,3424.58,5674.95,86805.5,1267.19
01-Nov-2017 23:12:16,1023.45,0,3797.47,6813.41,3084.75,49161.3
12-Dec-2017 17:50:36,0.986462,0,0.0822051,0,1.02756,1.23308
13-Jan-2018 23:39:35,1285.52,1247.3,3311.96,5630.23,101081,83526.8
21-Feb-2018 06:32:06,0,8.87815,3003.53,5656.95,89509.5,96258.9
19-Jan-2018 03:31:36,1233.41,1204.47,3379.86,5297.87,82532.1,86561.4
30-Dec-2017 01:22:11,523.811,365.402,3420.88,5693.69,80325.9,8639.14
01-Nov-2017 10:18:33,0,11.1799,3125.19,6424.25,74842.6,0
31-Mar-2018 11:06:27,985.968,1039.32,3015.37,5608.2,127298,82668
30-Dec-2017 09:41:05,1366.33,1241.87,3338.76,5347.36,85109.6,84425.3
13-Dec-2017 23:00:00,1037.51,1076.31,3428.61,5720.66,66233.5,132650
04-Jan-2018 16:27:05,1158.93,1101.96,2888.69,5215.26,159396,79199.5
03-Jan-2018 14:39:21,1337.89,1229.71,3399.02,5483.9,5192.69,89074.6
28-Mar-2018 15:56:53,944.373,987.777,3445.05,5751.98,111363,84478.1
29-Mar-2018 13:35:38,1123.66,1150.71,3289.19,5688.35,86867.2,85298.1
03-Jan-2018 11:27:44,1389.6,1226.5,3451.14,5530.02,160322,83727
23-Dec-2017 09:32:38,1338.22,1326.13,3110.48,5652.34,85912.8,83664.9
11-Jan-2018 03:23:09,1281.41,1226.66,3153.22,5524.35,86881.6,77512.5
22-Feb-2018 20:06:33,0,0.246615,0,0,0,0.822051
30-Dec-2017 15:02:01,112.621,1197.15,3065.18,5162.65,83479.1,124912
11-Jan-2018 17:00:31,0,0.411026,1.6441,0.0822051,0,1.84962
01-Nov-2017 10:51:58,0,10.5223,3388.74,6670.12,56511.1,0
01-Nov-2017 17:01:13,0,0.16441,0,0.739846,0.822051,0
04-Jan-2018 23:05:21,1300.32,1152.43,3537.45,5429.65,1453.39,80107.9
21-Feb-2018 20:06:30,0.657641,0,0.493231,0.328821,1.02756,2.67167
26-Dec-2017 22:21:46,0,11.0977,3330.62,6191.61,80523.8,909.805
27-Mar-2018 01:46:38,1025.02,1084.7,3387.1,5808.04,84170.9,86560.8
17-Jan-2018 18:56:11,0,0,0.0822051,0,1.43859,0
21-Feb-2018 20:28:25,0,0,0.822051,0.493231,0.411026,0
03-Jan-2018 14:42:07,1304.43,1218.12,3433.22,5571.62,50903.9,83905.1
29-Dec-2017 13:18:10,1193.54,1098.92,3133.99,5315.3,70626.3,87964.2
04-Jan-2018 13:12:59,1207.59,1186.55,3176.74,5606.55,159328,80005.3
31-Mar-2018 17:50:08,0,571.901,3211.84,5481.77,84462.5,125294
30-Dec-2017 16:11:31,1219.02,1146.76,3094.45,5437.38,83725.9,82532.9
27-Mar-2018 10:28:10,0,10.5223,3312.54,6662.81,86328.8,5181.39
28-Mar-2018 19:55:43,0,0.493231,0,0.986462,0,0.411026
11-Jan-2018 21:05:38,0.575436,0,0.739846,0,0,0
22-Feb-2018 19:37:25,0,0,0,0,0,2.05513
12-Jan-2018 04:00:27,1189.18,1113.8,3295.27,5566.77,75805.5,82532.5
19-Jan-2018 21:18:16,0,0.246615,0,0,0,0
29-Mar-2018 07:15:18,1035.95,1098.51,3317.8,5815.11,3606.75,65700.6
16-Jan-2018 04:42:15,0,8.54933,3423.1,5394.05,84221.6,4454.9
29-Dec-2017 02:44:30,1453.55,1357.78,3307.61,5388.38,86103.1,84683.8
16-Jan-2018 09:19:01,1094.15,1092.42,3207.4,5799.41,84324.2,83478.1
23-Dec-2017 09:11:57,1380.88,1301.22,3165.97,5465.49,83139.8,84499.3
28-Mar-2018 10:12:44,1003.48,1053.79,3321.33,5351.8,86642.4,85695.2
29-Dec-2017 23:15:29,0,10.9333,3448.51,5692.62,87110.3,6573.53
19-Jan-2018 05:47:29,1213.84,1232.5,3167.03,5373.83,89686.2,84645
28-Mar-2018 20:48:50,0,0.246615,0,0,0.822051,0
26-Dec-2017 10:41:27,0,10.9333,3271.02,6042,89936.5,3355.82
30-Dec-2017 15:24:10,1279.77,1146.1,3235.27,5466.07,127810,82272.8
28-Mar-2018 21:48:42,0,0.328821,0,0,0,0
22-Feb-2018 07:40:40,447.278,320.518,3368.6,5679.55,5095.69,3843.71
29-Mar-2018 03:56:43,0,8.54933,3198.77,5576.88,84896.1,146473
29-Mar-2018 11:27:09,419.493,304.488,3277.77,5733.89,82251.4,3952.63
01-Nov-2017 09:55:14,1130.9,1130.4,3418.66,5611.82,1540.94,72471.8
28-Mar-2018 10:48:49,976.35,1050.01,3033.2,5656.04,82207.6,84306.1
12-Dec-2017 17:58:17,1.72631,0,0,0,0.411026,0
28-Mar-2018 16:15:36,866.524,917.409,3310.07,5172.26,94678.1,85659.2
01-Nov-2017 23:05:47,0,12.824,3449.16,6518.54,2832.17,0
13-Dec-2017 05:31:27,353.318,260.59,3265.6,5618.89,86486.6,4813.52
31-Mar-2018 19:02:08,0,0,4897.95,0,80646.3,1840.78
01-Nov-2017 11:41:59,0,11.2621,3329.88,6417.26,12565.5,0
30-Dec-2017 04:42:58,1155.39,1026.08,3345.26,5492.78,83914.6,80716.2
11-Jan-2018 08:54:14,458.458,309.173,37.3211,0,3218.74,3111.26
28-Mar-2018 22:36:22,1140.51,1174.88,3304.73,5674.29,105496,82717.9
27-Mar-2018 16:00:08,0,8.71374,3447.03,5676.84,86501.6,135106
29-Mar-2018 08:21:11,466.596,331.944,1.15087,0,2282.63,1511.14
12-Dec-2017 17:16:54,0.0822051,0,0.411026,0.493231,0,0
21-Feb-2018 00:14:44,1317.67,1387.46,3338.84,5585.59,89403.2,82201
18-Jan-2018 15:12:56,1198.8,1165.67,3204.19,5486.95,87436.5,81089
03-Jan-2018 05:27:16,1356.14,1309.45,3157.33,5601.62,86833.5,84426.5
27-Mar-2018 12:36:19,1054.69,1099,3299.22,5412.96,83282.4,84155.9
13-Jan-2018 00:48:35,1254.86,1205.78,3428.36,5586.83,80601.3,81795.8
21-Feb-2018 17:19:13,0,0.246615,0.16441,0,1.84962,1.02756
21-Feb-2018 06:10:27,1169.2,1234.56,3179.86,5600.88,83934.7,85407.8
22-Feb-2018 21:24:43,0,0.986462,0,0.822051,0,0
04-Jan-2018 12:37:53,0,9.94682,3281.63,5692.87,87525.7,10194.9
21-Feb-2018 05:42:17,415.465,309.091,3681.8,5813.05,73941.5,3107.35
30-Dec-2017 14:41:42,60.0097,1162.87,3206.08,5442.14,83765,124715
29-Dec-2017 17:20:21,1.06867,0.328821,0.575436,0,0.822051,0
29-Mar-2018 08:13:58,0,0.0822051,1.72631,0,2359.08,2394.43
26-Dec-2017 18:45:07,0,0.411026,1.5619,0,0,0.822051
12-Jan-2018 17:11:42,0,0.16441,15.2079,0,0,0.205513
13-Jan-2018 22:38:08,1298.59,1273.36,3134.97,5544.33,152756,87292
22-Feb-2018 12:08:44,1060.69,1102.95,3535.72,5898.63,113407,84826.2
12-Jan-2018 11:07:46,473.502,263.221,4720.55,0,4816.4,1202.46
22-Feb-2018 13:44:10,0,1011.04,3057.04,5679.72,85532.2,75571.6
28-Mar-2018 13:34:44,693.4,747.327,3352.74,5881.94,8921.11,55007.8
13-Dec-2017 19:50:21,0,0,0.822051,0.575436,1.6441,0
21-Feb-2018 15:57:40,410.121,326.272,0,6303.9,3667.58,3504.2
27-Mar-2018 02:08:40,748.971,822.462,3366.79,5848.16,70624.5,61354.6
01-Nov-2017 05:27:02,0,8.63154,3013.15,5605.73,88981.5,123453
03-Jan-2018 19:32:01,0.0822051,0.575436,0.411026,0,0,1.43859
18-Jan-2018 02:34:08,1410.39,1258.72,3231.57,5587.98,85453.7,85335.9
13-Dec-2017 08:18:10,0,11.2621,3419.9,5911.04,74954.6,1242.53
11-Jan-2018 02:26:08,1263.41,1214.58,3286.73,5453.65,86282.9,81857
01-Nov-2017 23:46:29,1153.17,0.822051,3528.33,5902.08,74303.2,135797
12-Jan-2018 03:52:08,1166.82,1127.44,3044.63,5565.78,127684,81997.8
22-Feb-2018 11:10:36,1082.89,1159.91,3179.2,5440.42,86570.8,82882.7
04-Jan-2018 07:06:45,1090.29,974.213,3093.87,5715.97,85010,57288.6
17-Jan-2018 09:23:09,1428.56,1300.81,3324.29,5484.89,82438,83467.4
21-Feb-2018 10:45:56,531.538,316.736,3311.47,5691.55,86136.4,25338.3
31-Mar-2018 17:32:05,240.203,1030.77,3029.83,5638.37,80622.5,125995
04-Jan-2018 13:45:24,1234.8,1163.12,3330.95,5496.89,81266.4,80541.1
26-Dec-2017 15:52:42,1256.92,1230.86,3124.21,5430.31,83769.1,89937.4
23-Dec-2017 18:25:00,996.408,1000.03,3498.24,5986.92,139461,65181.7
12-Dec-2017 22:31:13,501.369,416.122,5146.45,0,36348.2,1016.88
29-Dec-2017 03:50:32,502.191,327.094,3407.73,5895.26,84631.8,6196.83
28-Mar-2018 16:15:43,872.69,932.206,3253.6,5481.77,96647.5,89955.2
16-Jan-2018 06:45:43,0,9.618,3258.28,5890,84499.3,6526.88
23-Dec-2017 18:25:01,1003.4,1030.61,3445.13,5576.88,133044,65867.7
29-Dec-2017 00:57:59,1298.02,1217.7,3338.1,5578.77,86754.4,85675
18-Jan-2018 23:57:31,1341.01,1293.99,3299.88,5517.03,87562.2,85585
19-Jan-2018 19:04:13,0,0,0,0,0.411026,0
23-Dec-2017 06:31:31,1354.25,1278.54,3219.56,5171.03,85427,83956.7
28-Mar-2018 07:28:48,993.778,1051.32,2961.11,5371.28,148316,83603.6
27-Mar-2018 10:33:12,1022.22,1051.16,3331.53,6547.31,85170.7,59608.4
16-Jan-2018 04:29:12,1282.73,1279.03,3222.11,5247.89,82525.7,86952.5
26-Dec-2017 17:49:39,0,0,0,0,0,0
18-Jan-2018 18:21:56,0,0,0.657641,0.739846,0,0
27-Mar-2018 09:45:06,0,10.2756,3316.07,6588.41,86246.1,345.878
12-Jan-2018 06:06:13,1154.65,1128.84,3176,5459.16,76782.9,81251.4
13-Jan-2018 20:45:45,0,10.029,3340.9,5748.93,83195.1,38777
04-Jan-2018 04:26:02,1352.77,1202.17,3186.6,5287.52,85518.6,84089.1
21-Feb-2018 11:05:49,1179.89,1262.42,3114.34,5358.38,85271.4,83029.9
28-Mar-2018 22:22:38,58.9411,11.2621,3493.14,6209.45,63896,138978
28-Mar-2018 16:15:37,873.018,951.771,3346.24,5622.09,95762.2,88288.9
01-Nov-2017 05:27:03,0,10.2756,2939.33,5622.91,87071.7,127882
30-Dec-2017 08:36:43,0,0.0822051,4579.07,0,86787.2,4780.02
13-Jan-2018 04:09:06,1203.98,1180.55,3226.39,5433.02,82169.4,83399.4
04-Jan-2018 06:38:00,1208.42,1117.74,3136.95,5533.06,83178.6,84390.8
12-Dec-2017 23:15:31,0,0.822051,4940.53,0,85895.5,0
21-Feb-2018 12:56:18,0,11.1799,3279.74,5793,88162.5,5457.39
31-Mar-2018 09:38:20,0,0,4577.67,0,86166,216.611
26-Dec-2017 11:41:39,1425.03,1332.63,3595.24,5458.5,1881.68,79202.8
27-Mar-2018 16:24:25,1031.43,1080.5,3183.64,5344.24,85170.7,86633.3
30-Dec-2017 16:40:00,1222.23,1161.31,3167.03,5429.16,85610.1,83968.6
31-Mar-2018 18:27:51,1013.92,1058.23,3278.83,5676.18,138132,72534.5
16-Jan-2018 20:36:54,0.904256,0,0.16441,0.0822051,0.205513,0
22-Feb-2018 02:34:07,0,10.7689,3460.67,5460.8,84548.4,123418
13-Jan-2018 16:05:22,0,10.4401,3369.83,5580.82,81220.3,3065.64
27-Mar-2018 23:04:26,862.332,950.209,3280.72,6600.5,87029.5,56888.2
13-Dec-2017 04:11:54,667.752,862.167,3779.96,6205.91,6646.9,42753.9
28-Mar-2018 16:15:48,871.292,919.875,3255.73,5488.26,99797.6,88219.3
12-Dec-2017 17:00:09,0,0.411026,2.30174,0,0,0.205513
12-Jan-2018 12:05:22,0,975.117,3463.14,5464.09,74264.3,154893
31-Mar-2018 06:51:38,0.657641,0,9.86462,0,2896.29,0
28-Mar-2018 08:29:24,974.871,974.788,3204.85,5533.39,81804.8,81993.7
12-Dec-2017 12:12:04,416.122,352.002,32.8821,0,4749.61,2741.75
17-Jan-2018 05:15:39,807.912,812.762,3408.88,6056.22,7392.71,58110.4
23-Dec-2017 03:05:47,465.528,308.68,3488.95,6236.16,8276.21,4645.62
04-Jan-2018 23:39:12,2089.72146027939,336.804093246179,0,0,1109149.15499797,712800.889752409
28-Mar-2018 07:41:16,0,9.37138,3335.06,5668.7,82710.3,88781.8
26-Dec-2017 11:40:39,1418.61,1357.04,3311.88,5213.2,2324.76,77821.1
31-Mar-2018 01:27:13,0,0.411026,0,0,0,0.411026
22-Feb-2018 15:52:05,0,8.96036,3086.56,5632.28,67895.3,125420
17-Jan-2018 22:47:59,572.477,354.304,4766.91,0,88813.8,1913.32
11-Jan-2018 00:10:21,1192.14,1116.51,3168.76,5662.12,82036.8,80436.7
31-Mar-2018 13:22:43,0,895.461,3242.99,5243.7,81376.3,103547
12-Jan-2018 04:49:42,1188.11,1112.98,3246.94,5479.47,14235.3,84186.9
29-Mar-2018 11:33:09,814.735,944.208,3301.6,5888.19,88192.8,57486.7
16-Jan-2018 04:46:16,481.558,312.708,4742.74,0,85596.1,1342
28-Mar-2018 19:33:52,0.493231,0,0,0,0,0
12-Dec-2017 14:02:17,1135.01,1160.24,3342.05,5802.12,83285.3,81850.8
22-Feb-2018 14:59:07,919.464,971.911,3670.54,5969.98,1603.41,57932.8
31-Mar-2018 10:05:44,1005.86,1067.27,3653.11,5629.24,52434.5,71320.4
17-Jan-2018 13:54:17,1389.84,1280.1,3239.95,5709.89,7270.63,85524.8
04-Jan-2018 12:35:47,0,1128.43,3281.14,5173.09,82155.2,83058.8
23-Dec-2017 03:40:11,980.707,992.874,3583.98,6027.2,57043.8,44426.1
29-Mar-2018 09:49:19,0,10.9333,3215.37,5825.14,87401.7,2924.45
13-Jan-2018 00:48:29,1207.59,1166.74,3131.03,5641.25,154306,86346.8
23-Dec-2017 03:07:35,0,9.70021,3598.78,6134.06,4193.69,5265.65
22-Feb-2018 09:19:58,0,10.8511,3242.99,5522.79,88294.1,113374
17-Jan-2018 21:52:56,0,0.657641,0,0,2.26064,2.87718
04-Jan-2018 17:11:33,0,0,0.411026,0.904256,0,1.02756
03-Jan-2018 14:48:49,1305.5,1217.21,3493.72,5461.05,2391.96,86038.4
31-Mar-2018 10:13:20,1015.4,1046.88,3316.73,5408.85,133494,82081.2
13-Jan-2018 00:57:45,1135.17,1120.87,3122.4,5571.54,169448,82300.3
04-Jan-2018 18:19:05,0.0822051,0,0,0,0,0
29-Mar-2018 19:19:27,0,0.575436,0,0,0,0
28-Mar-2018 21:56:51,0,0.657641,0,0,0.616539,0
29-Dec-2017 15:50:43,1210.55,1117.99,3107.19,5424.55,83051.8,82092.7
17-Jan-2018 14:28:30,0,8.87815,3541.4,5749.67,49863.2,8403.83
13-Dec-2017 15:59:31,0,10.8511,3336.46,6160.29,81637.7,1782.41
31-Mar-2018 18:27:52,1013.42,1059.38,3164.08,5589.46,155827,74700.4
29-Dec-2017 12:16:51,0,10.029,3242.83,5712.35,87197.2,75093.2
26-Dec-2017 09:05:24,1451.25,1416.97,3629.52,5257.92,2526.37,73010.5
04-Jan-2018 02:46:26,1343.07,1197.32,3374.11,5230.79,88479.9,86376.6
22-Feb-2018 05:04:16,0,8.96036,3315.58,5563.73,89448.8,52790.5
23-Dec-2017 18:23:43,958.101,1015.4,3500.05,6127.73,136300,60457.1
22-Feb-2018 18:23:02,0,0,0,0,0,0.616539
04-Jan-2018 07:40:14,1165.83,1097.36,3172.13,5622.5,86068.6,81575
29-Dec-2017 09:22:14,0,9.94682,3176.24,5593.24,86339.8,21560.1
29-Mar-2018 09:43:55,1269.25,1293.91,3139,5532.41,86653.3,82493.3
03-Jan-2018 06:13:14,622.868,674.822,3247.84,6768.85,84326.2,36351.1
29-Dec-2017 09:20:50,0,10.8511,3351.01,6034.51,87337.4,139101
13-Dec-2017 03:18:57,1164.52,1206.11,3292.64,5614.04,86523.6,81882.5
04-Jan-2018 17:16:56,0,1.47969,0.328821,0,0,3.90474
26-Dec-2017 21:20:43,0,0,0.904256,0,0.205513,0.616539
22-Feb-2018 12:23:00,971.254,1004.55,3152.57,5452.17,84571.4,88569.9
23-Dec-2017 04:25:35,1266.95,1222.23,3308.59,5530.35,84133.5,82395.4
29-Dec-2017 12:36:28,1314.21,1207.92,3566.63,5568.49,2538.91,87069.4
22-Feb-2018 15:06:54,0,9.86462,3447.68,5885.39,69668,36130.6
12-Dec-2017 03:54:26,0,0.739846,4684.21,0,83181.7,460.554
13-Dec-2017 19:21:55,0,0,0.986462,0.822051,0,1.84962
23-Dec-2017 20:28:29,1253.05,1215.57,3041.75,5554.77,144064,86807.2
01-Nov-2017 07:29:23,0,957.114,3225.56,5654.73,73844.3,145487
13-Dec-2017 23:08:19,1060.36,1109.93,3266.34,5966.61,78707.5,71870.1
29-Dec-2017 23:59:01,0,10.6867,3456.56,5956.34,75916.9,105246
04-Jan-2018 09:19:36,1153.01,1083.71,3073.98,5538.24,127115,86214.1
27-Mar-2018 04:11:31,1096.62,1123.42,3191.29,5417.56,83911.3,81939.2
13-Jan-2018 23:06:02,1323.5,1298.02,3289.11,5323.44,86113.4,84518.6
13-Dec-2017 05:04:51,0,12.0842,3637.82,6003.69,2534.59,1467.16
12-Dec-2017 03:14:38,1123.66,1182.85,3201.31,5709.8,85639.3,75220.8
29-Dec-2017 13:18:12,1175.37,1094.89,3231.15,5422.66,127573,85763.2
31-Mar-2018 20:20:54,1251.41,1359.02,3311.22,5418.3,85641.7,86905.6
12-Dec-2017 22:58:58,453.115,385.706,4911.59,0,74830.1,827.395
21-Feb-2018 16:49:22,0,0.575436,37.3211,0,0.822051,2.05513
29-Dec-2017 16:37:18,1315.28,1160.33,3580.2,5760.94,2926.09,84875.2
13-Jan-2018 09:50:42,1296.79,1260.45,3275.96,5546.13,6079.48,86198.7
27-Mar-2018 22:38:45,1105.17,1132.13,3377.64,5599.98,84408.6,85420.8
12-Dec-2017 21:07:28,0,0.246615,0.575436,0,0,0
12-Jan-2018 03:52:05,1149.56,1123,3157.75,5624.72,166020,84054.3
13-Jan-2018 17:41:59,1196.74,1164.44,3384.39,5439.76,7558.15,83540.8
04-Jan-2018 13:12:19,1251.16,1173.72,3395.15,5469.35,4224.73,81224
13-Dec-2017 23:09:35,992.216,1033.32,3108.5,5656.86,136028,80425.4
29-Dec-2017 09:23:58,0,8.87815,3300.7,5528.21,83461.6,69241.8
18-Jan-2018 04:03:26,1280.18,1162.05,3307.85,5521.64,84618.5,86139.1
17-Jan-2018 13:10:57,1270.23,1248.53,3117.79,5418.88,83739.7,82199.4
12-Jan-2018 03:52:06,1184.9,1110.43,3126.1,5281.68,120605,85849.9
13-Jan-2018 00:48:32,1219.51,1209.32,3218.58,5717.04,136574,81635.2
28-Mar-2018 22:17:39,602.399,554.802,3871.45,6286.31,2095.82,17682.1
11-Jan-2018 21:22:28,1.23308,0.16441,0,0,1.43859,0.205513
11-Jan-2018 06:24:02,216.611,1163.78,3098.15,5325.08,85338.6,156135
23-Dec-2017 06:58:27,0,11.0977,3468.65,5955.1,3407.61,6234.64
26-Dec-2017 13:01:09,0,9.94682,3207.48,5954.36,84899.2,697.305
13-Dec-2017 16:04:33,0,9.94682,3247.02,6138.59,86253.3,2219.54
17-Jan-2018 11:55:41,1024.6,1069.65,3248.99,5612.64,86585.2,59695.3
29-Dec-2017 16:44:36,515.426,301.117,3398.44,5847.91,3001.1,6302.05
04-Jan-2018 07:15:47,1174.88,1073.43,3311.39,5489.99,82541.6,80474.3
30-Dec-2017 05:47:45,1268.84,1158.02,3266.01,5182.38,82949.7,78016.4
29-Dec-2017 01:38:46,1352.03,1238.01,3290.84,5509.55,84059.1,83523.9
29-Dec-2017 03:46:17,542.225,328.821,3288.12,5843.8,87757.9,5556.04
23-Dec-2017 20:28:34,1286.84,1216.96,3198.03,5601.05,113871,86833.5
16-Jan-2018 06:44:24,0,1086.51,3364.74,5913.26,85104.7,82109.2
01-Nov-2017 15:49:08,934.015,1027.07,3211.1,5724.44,83456.9,83799.3
31-Mar-2018 13:30:53,946.099,1008.57,3233.05,5692.13,19436.6,70727.7
18-Jan-2018 14:59:48,0,8.87815,3245.13,5912.6,87825.5,8325.12
22-Feb-2018 14:53:11,1237.19,1328.85,3509.09,5443.05,2383.74,73413.1
31-Mar-2018 11:11:58,643.584,684.851,3287.55,5779.35,69121.4,60311.6
11-Jan-2018 16:10:46,1192.96,1160.9,3171.72,5620.61,86605,84352.1
12-Dec-2017 18:18:15,0.16441,0,0,0.657641,1.84962,0.205513
22-Feb-2018 10:06:46,473.008,357.099,3635.85,6715.09,72666.7,4321.52
12-Jan-2018 03:57:44,1224.2,1114.13,3368.11,5368.57,68216.3,85565.9
22-Feb-2018 22:12:32,0,10.4401,3333.58,5692.79,85401.9,114660
27-Mar-2018 16:04:27,908.202,990.243,3163.17,5684.98,88062.7,67546.1
12-Jan-2018 03:52:11,1203.89,1077.38,3341.72,5352.21,98330.9022183858,84070
29-Mar-2018 12:26:24,1161.15,1247.05,3748.14,5536.1,2850.87,86446.3
22-Feb-2018 05:24:58,1181.53,1232.42,3306.62,5580.08,84222.9,83807.1
28-Mar-2018 14:27:08,1043.84,1058.06,3261.9,5542.93,126950,83813.3
29-Mar-2018 16:47:36,0,0,37.8144,0,1464.48,2706.19
28-Mar-2018 01:01:06,1090.62,1136.98,3310.81,5374.24,88615.9,83659.5
26-Dec-2017 08:51:26,1398.56,1392.23,3223.92,5613.95,84605.7,70663.1
27-Mar-2018 07:40:34,1035.29,1117.25,3265.43,5690.24,84663.9,85269.9
13-Dec-2017 12:07:49,0,0,9.45359,0.822051,1850.64,1022.22
31-Mar-2018 05:35:27,0.739846,0,0,0.575436,0,0.616539
22-Feb-2018 12:44:31,962.704,1005.53,3175.91,5749.59,83709.9,85060.3
12-Jan-2018 08:46:40,1304.27,1242.78,3258.36,5207.12,82869.4,78816.8
18-Jan-2018 08:54:20,1191.81,1198.8,3244.31,5439.68,84393,81766.2
13-Dec-2017 15:01:52,1110.76,1170.44,3283.85,5483,86901.9,85092.6
17-Jan-2018 18:39:51,0.575436,0.0822051,0,0.411026,0,0
12-Dec-2017 12:52:50,0,0.575436,17.5097,0,0,0
23-Dec-2017 04:33:36,496.519,335.726,52.0358,0,6590.59,2750.99
12-Dec-2017 05:43:22,1144.87,1189.59,3144.76,5354.92,80271.7,83864.9
31-Mar-2018 20:49:19,1268.26,1327.12,3447.27,5534.87,4526.83,88292.2
23-Dec-2017 05:35:25,1326.54,1317.34,3227.29,5507.33,84787.6,80264.9
13-Dec-2017 22:19:14,564.009,484.681,3766.47,6281.54,65842.4,3562.77
01-Nov-2017 23:21:28,1277.71,0,3628.62,6013.47,1769.88,89067
01-Nov-2017 08:08:48,0,10.5223,3313.2,5917.54,2428.75,1544.22
22-Feb-2018 22:57:05,0,10.1934,3438.97,5437.21,88990.1,110608
27-Mar-2018 19:02:52,0,0.657641,0.411026,0.411026,1.02756,0
04-Jan-2018 12:37:40,0,8.38492,3319.36,5717.28,86560.4,74096.6
13-Dec-2017 03:38:31,1161.23,1211.7,3393.26,5272.97,82245.6,81567.6
19-Jan-2018 12:37:43,1074.09,1114.21,3068.88,5535.78,75971.5,82848.4
04-Jan-2018 19:01:45,0.986462,0.328821,0.657641,0,0,0
01-Nov-2017 06:20:49,569.517,524.304,3438.31,6512.21,149830,98050
31-Mar-2018 21:27:10,1239,0,3221.04,5596.94,84579.6,86426
17-Jan-2018 14:05:26,1317.42,1252.15,3538.03,5555.83,2482.8,84312.7
26-Dec-2017 04:20:02,1202.09,1159.91,0,6075.37,3291.29,73346.3
11-Jan-2018 02:35:42,1272.54,1220.99,3118.62,5358.29,84353.8,84005.4
03-Jan-2018 23:38:33,1249.52,1149.89,3092.8,5394.88,84214.4,78778
11-Jan-2018 17:40:51,0,0.246615,0.493231,0,2.05513,0.411026
12-Dec-2017 18:04:00,0,0.904256,1.39749,0.0822051,0,0
01-Nov-2017 14:50:50,601.166,659.121,3309.33,6133.57,9591.7,54595.7
12-Jan-2018 12:05:23,0,8.13831,3478.76,5826.37,71500.6,72319.8
29-Dec-2017 21:58:24,0,0,0.411026,0.0822051,0.205513,0
18-Jan-2018 06:09:58,0,8.71374,3196.79,5968.59,84466.4,9756.72
30-Dec-2017 08:39:58,0,0,4740.52,0,87844.6,2198.37
04-Jan-2018 20:00:39,0,0.246615,0,0.16441,2.05513,0.822051
13-Dec-2017 04:07:33,390.228,308.023,0,6399.09,2371.21,2819.43
29-Mar-2018 01:01:44,638.98,694.387,0,6387.59,2635.91,53923.3
13-Dec-2017 03:53:54,0,0.657641,4671.72,0,84532.6,648.804
28-Mar-2018 21:25:41,0,1.06867,0,0,0,0
31-Mar-2018 10:13:21,1015.07,1078.53,3343.45,5381.31,134167,82442.3
29-Dec-2017 16:05:57,0,11.1799,3385.62,5574.41,88410.4,3498.45
19-Jan-2018 09:18:31,1109.69,1114.21,3129.71,5498.54,84905.6,84558.5
22-Feb-2018 22:42:14,0,11.2621,3470.62,5757.57,87989.7,137052
27-Mar-2018 09:09:55,0,1.80851,4745.62,0,87383.9,0
26-Dec-2017 17:48:00,0,0,1.72631,0,0,0.822051
30-Dec-2017 19:20:19,0,10.029,3214.8,6779.05,89562.7,2508.28
11-Jan-2018 15:55:23,637.172,596.727,3320.84,5407.04,47423.9,43852.7
12-Jan-2018 12:45:20,0,1109.77,3251.46,5431.87,79312.5,163817
13-Jan-2018 03:10:03,1169.7,1191.65,3303.5,5730.03,83758.4,86185.5
04-Jan-2018 23:05:00,1334.85,1201.92,3470.54,5632.53,1651.71,80778.9
13-Dec-2017 16:03:32,0,11.1799,3248.25,6231.72,83754.9,1853.52
11-Jan-2018 20:25:35,0.493231,0.493231,0,0,1.6441,0
19-Jan-2018 13:33:04,0,1065.87,3212.58,5510.21,83260,77405.4
27-Mar-2018 09:36:56,0,10.3578,3366.46,6720.1,70561.2,967.143
12-Dec-2017 08:15:14,1237.84,1296.79,3389.15,5379.34,72199.7,83283.5
23-Dec-2017 23:28:26,0,11.1799,3180.02,5902.16,91151.3,2167.13
13-Dec-2017 21:59:40,0,0,0.0822051,0,0.616539,0
11-Jan-2018 02:45:58,1267.36,1207.76,3270.12,5490.81,83732.1,85841.5
31-Mar-2018 13:23:08,0,11.3443,3263.71,5533.89,84586,2685.44
29-Mar-2018 15:26:08,997.806,995.751,3274.81,5552.96,152129,81446
26-Dec-2017 21:30:08,0,0.0822051,0.328821,0.493231,0,0
12-Jan-2018 22:50:31,1356.47,1274.26,3324.21,5679.72,115992,77731.7
26-Dec-2017 03:22:47,1160.82,1110.67,3181.26,5686.05,137556,84510.4
17-Jan-2018 11:50:54,466.432,261.906,3229.1,5265.81,86051.3,21228.9
26-Dec-2017 20:48:35,0,0,0.411026,0,0,0
01-Nov-2017 23:47:16,0,10.5223,3534.16,6122.88,75069.1,29677.3
01-Nov-2017 05:27:04,0,10.3578,3086.47,6044.79,85432.3,89632.4
22-Feb-2018 15:28:04,983.173,1065.05,3401.81,5781.08,43756.1,63249.9
03-Jan-2018 16:38:08,1295.72,1233.73,3324.62,5527.47,42539.7,86229.3
29-Dec-2017 18:03:18,0.246615,1.06867,0.904256,0,0,0
21-Feb-2018 12:55:21,429.604,356.277,3303.74,5602.85,89972.5,8095.77
22-Feb-2018 15:41:04,0,0.246615,4681.17,0,88881,0
13-Dec-2017 14:48:04,0,1036.03,3490.02,5814.86,84203.5,104940
31-Mar-2018 04:00:03,0,0,0,0,0,0
31-Mar-2018 01:36:13,0.575436,0.328821,0,0,0,2.05513
01-Nov-2017 01:37:54,1229.3,1267.11,0,5701.25,1922.98,76610.2
18-Jan-2018 06:59:38,1041.87,1001.83,3311.55,5827.6,81906.7,82204.1
29-Mar-2018 01:48:57,1058.31,1141.25,3272.92,5302.4,84561.3,80299
13-Dec-2017 01:19:45,0,2.05513,4938.97,0,74497,144.27
21-Feb-2018 19:11:31,0,0.246615,0.575436,0.246615,1.84962,0
11-Jan-2018 21:12:10,0,0,0.657641,0,0.616539,0
01-Nov-2017 12:58:33,242.176,882.554,2969.5,5757.98,78322.8,137227
04-Jan-2018 10:44:54,609.551,707.457,3708.11,6929.89,66042,35317
13-Jan-2018 00:48:33,1221.24,1162.3,3211.59,5275.93,143674,79907.1
30-Dec-2017 02:31:36,1167.97,1053.62,3336.05,5529.28,85930.1,79739.6
01-Nov-2017 05:27:44,0,10.1934,2989.64,5632.12,84479.3,152078
04-Jan-2018 11:37:01,1187.12,1107.47,3094.86,5589.37,82368.5,83170.2
17-Jan-2018 23:37:25,1384.66,1254.86,3287.96,5586.25,84583.7,84877.4
11-Jan-2018 15:52:27,473.419,300.213,3506.71,5487.93,5905.62,7577.26
13-Jan-2018 00:00:32,0,0.0822051,40.7737,0,0,3942.97
28-Mar-2018 15:35:55,0,1031.76,3411.27,5593.15,81793.9,84829.5
28-Mar-2018 22:23:35,0,10.9333,3572.22,6103.16,68190.2,1666.09
27-Mar-2018 02:55:22,1115.85,1132.7,3095.93,5535.53,84834.7,84923
13-Dec-2017 00:19:16,419.493,322.162,4734.93,0,84566.3,106.045
18-Jan-2018 17:19:11,0.0822051,0.328821,0.493231,0.246615,0,0.205513
29-Dec-2017 22:45:04,0,12.1664,3381.51,6410.52,85796.7,1761.66
27-Mar-2018 09:11:50,0,1.5619,4673.53,0,88649.6,0
11-Jan-2018 12:53:49,1149.15,1105.91,3328.65,5067.95,87415.1,83680.3
21-Feb-2018 15:47:30,0,10.3578,3255.08,5807.96,83705.8,2050.2
27-Mar-2018 04:11:34,1077.87,1148.82,3254.67,5678.73,84273.6,79376.2
26-Dec-2017 03:22:44,1159.83,1113.14,3201.89,5563.81,132693,88567.6
16-Jan-2018 16:53:06,0,0,0.16441,0,0,0
18-Jan-2018 01:04:15,1350.71,1184.16,3165.97,5764.47,87133.3,83363.2
26-Dec-2017 13:16:50,0.822051,0,11.1799,0,0,0
22-Feb-2018 10:39:36,519.865,375.76,5257.1,0,67421.6,1517.1
13-Jan-2018 01:31:03,821.476,945.934,3239.38,5991.69,86775.5,46319.7
13-Dec-2017 23:09:34,1018.52,1075.24,3272.18,5553.45,145334,81561.5
26-Dec-2017 22:25:02,0,12.0842,3243.9,6468.56,84507.1,926.041
13-Jan-2018 23:03:18,1313.39,1248.86,3249.32,5300.26,81501.7,83490.4
23-Dec-2017 23:26:29,473.419,299.391,3374.44,5690.4,87599.8,1476.2
12-Dec-2017 21:23:02,0,0,0,0.493231,1.23308,0.616539
04-Jan-2018 10:41:23,567.955,498.656,3785.38,6261.98,8234.9,29077.8
13-Jan-2018 22:37:47,1339.86,1290.62,3294.54,5437.21,112590,85933.3
04-Jan-2018 16:12:42,1211.21,1148.41,3327.66,5570.55,84877.4,85430
04-Jan-2018 00:55:06,1300.57,1185.97,0,5564.3,3728.82,83296.6
29-Dec-2017 14:35:02,1210.88,1121.2,3187.67,5216.49,85940.9,80105.8
12-Jan-2018 09:12:02,1388.03,1334.27,3151.5,5232.44,83051.6,81812.4
13-Dec-2017 23:09:36,1042.28,1086.92,3217.67,5794.64,123507,80360.9
29-Mar-2018 06:12:58,1155.15,1208.25,3052.93,5570.14,84718.8,80806
01-Nov-2017 18:27:20,0,0,0,0,0,0
13-Dec-2017 17:47:46,0.575436,0,0.739846,0,0,1.02756
27-Mar-2018 23:08:52,1126.37,1165.83,0,6038.3,4785.37,74148.4
22-Feb-2018 15:52:06,0,10.1934,3092.97,5503.22,66691.8,126701
27-Mar-2018 01:40:21,1061.6,1116.51,3239.38,5253.15,84128.1,84415
13-Dec-2017 10:15:00,1194.44,1245.24,3509.58,5506.02,15484.8,77937.5
12-Dec-2017 22:18:33,519.372,437.085,5374.74,0,1707.2,1359.67
27-Mar-2018 23:38:14,1062.42,1148.82,3226.88,5490.56,87818.9,82507
31-Mar-2018 10:13:22,998.464,1044.33,3301.03,5607.38,138080,79162.9
01-Nov-2017 02:20:51,1241.71,1273.6,3343.36,5681.11,87667.3,83197.1
03-Jan-2018 06:02:57,0,9.45359,3326.18,5707.5,89099.1,5298.74
22-Feb-2018 16:10:15,0,1242.12,3290.51,5648.48,88356.3,92067.3
01-Nov-2017 06:20:47,540.334,602.892,3224,6547.89,79820.4,80469.8
01-Nov-2017 22:17:36,1196.33,0.575436,3141.8,5969.98,84105.7,142102
03-Jan-2018 10:01:21,488.463,277.278,3189.39,5420.2,87921.1,5858.97
03-Jan-2018 14:51:58,1289.39,1206.94,3635.52,5508.98,7104.99,85385.4
28-Mar-2018 07:29:58,1052.64,1095.3,3459.93,5682.59,103119,86990.9
21-Feb-2018 04:08:43,478.68,339.425,0,6341.06,1509.9,1285.07
13-Jan-2018 16:04:42,504.082,1126.87,3112.7,5632.45,86018,81121.5
13-Jan-2018 03:54:17,1199.37,1158.85,3226.39,5751.89,85766.5,84322.1
29-Dec-2017 13:18:11,1173.97,1108.86,3174.52,5469.68,141504,87478.2
27-Mar-2018 10:25:01,417.027,316.49,3097.74,6323.55,85716.7,1196.08
31-Mar-2018 06:44:10,0,0,5.75436,0,0,0
28-Mar-2018 08:01:18,928.343,987.695,3289.11,5716.05,137462,74063.1
13-Dec-2017 01:44:17,1110.92,1188.52,3329.23,5764.14,77400.9,74175.1
26-Dec-2017 05:47:51,0,11.0155,3299.71,5826.21,84940.9,1630.33
13-Dec-2017 22:12:41,642.762,557.433,3900.06,6545.99,3574.28,2206.59
29-Mar-2018 18:41:18,0,0,0,0,0,3.49372
28-Mar-2018 02:10:51,413.903,272.017,3467.25,5785.68,3857.48,3044.67
13-Dec-2017 22:48:17,0,57.0504,3353.15,5563.64,85160,127368
13-Dec-2017 15:41:57,0,11.9197,3434.45,6505.3,61611.3,1713.98
01-Nov-2017 06:50:43,0,8.79595,3087.54,6055.72,79109.3,95076
17-Jan-2018 23:01:03,681.573125211749,706.063485950345,3747.73191526597,6676.89035663383,7642.87396497279,49517.8086778335
22-Feb-2018 15:02:00,1074.42,1123.5,3607.16,5628.91,1153.95,67412.9
22-Feb-2018 07:50:07,0.328821,333.095,2.38395,0,3261.69,2962.67
31-Mar-2018 04:24:06,0.411026,0,0,0,0,0
28-Mar-2018 16:15:40,867.675,924.561,3330.79,5636.81,97018.3,88170.8
16-Jan-2018 11:29:43,1158.27,1077.22,3123.3,5507.17,78813.6,81598.7
04-Jan-2018 10:53:54,1099.82,1037.35,3221.37,6122.97,79391.9,80440.6
28-Mar-2018 04:23:45,1083.46,1169.37,3312.46,5592,86124.9,84507.1
04-Jan-2018 07:19:16,1161.07,1071.13,3249.16,5405.48,85565.7,80261
29-Mar-2018 11:55:34,0,9.618,3447.19,5332.98,76167,114484
01-Nov-2017 14:52:20,781.689,830.518,3390.8,6194.24,8635.24,59372.2
18-Jan-2018 19:32:50,0,0,0.657641,1.06867,0,0
11-Jan-2018 17:43:06,0.328821,0,1.5619,0.328821,1.6441,0
29-Dec-2017 09:59:37,0,10.9333,3254.42,6385.94,86611.9,1142.65
12-Dec-2017 00:52:25,514.275,626.239,3696.52,6234.52,43142.5,32668.3
28-Mar-2018 14:27:04,986.215,1066.86,3191.45,5977.3,110274,82937
12-Dec-2017 05:40:56,1125.31,1228.8,3335.56,5351.39,82237,83924.2
29-Mar-2018 11:44:11,676.384,726.611,3225.65,6017.91,9504.97,42377.8
12-Jan-2018 14:21:29,1085.11,1088.89,3112.04,5265.24,83352.9,79031.4
29-Dec-2017 20:36:41,0,0,0,0.411026,0,0
30-Dec-2017 15:48:57,1197.4,1162.13,3225.73,5466.89,88284.4,82773.8
11-Jan-2018 15:19:29,1161.64,1087,3502.68,5835.5,4133.48,71690.3
17-Jan-2018 13:54:58,1294.73,1245.49,3412.66,5451.35,5131.45,85602.3
21-Feb-2018 02:00:01,1248.28,1323.58,3186.76,5354.84,84001.5,84143.9
12-Dec-2017 17:22:21,0,0,0.328821,0.411026,0,3.28821
12-Dec-2017 04:13:51,679.014,478.187,3461.33,5603.18,1331.11,58439.8
12-Dec-2017 19:36:16,0.16441,0,0,0,1.6441,1.43859
29-Mar-2018 15:26:07,965.91,1017.21,2953.3,5702.08,135739,83496.6
26-Dec-2017 12:55:27,0,10.3578,3333.58,6158.64,86060.1,325.327
31-Mar-2018 04:20:50,0.328821,0,0,0,0.616539,0
30-Dec-2017 19:10:06,0,0.739846,4809.99,0,88302.9,2030.06
12-Jan-2018 01:23:46,1247.3,1128.84,3293.71,5621.27,87148.5,85365.3
30-Dec-2017 03:22:01,0,10.2756,3451.55,5616.09,83835.9,128756
27-Mar-2018 06:09:04,1061.02,1109.6,3322.81,5385.83,83487.5,83126.7
31-Mar-2018 19:10:57,705.649,0,0,6597.87,3158.94,42445.2
13-Dec-2017 12:33:34,0,0,0.739846,0,2.46615,0
27-Mar-2018 08:12:27,1037.18,1110.18,3040.77,5597.51,82479.7,82936.6
31-Mar-2018 11:06:24,1002.49,1024.11,2982.73,5279.95,146159,82413.3
28-Mar-2018 08:00:02,921.602,934.755,3277.11,5619.21,128983,70159.6
26-Dec-2017 22:06:25,0,12.3308,3772.06,6210.84,3330.34,1469.21
21-Feb-2018 15:18:29,560.721,559.735,3349.78,6129.95,33137.3,34547.1
11-Jan-2018 16:26:28,1178.74,1142.73,3153.96,5312.75,85536.3,89213.9
29-Mar-2018 16:18:26,1008.25,941.413,3325.44,5472.07,115487,80689.7
04-Jan-2018 22:51:56,1319.8,1216.96,3433.87,5621.52,85393,85435
04-Jan-2018 13:09:54,1141.34,1075.57,3012.16,5464.83,126783,80543.8
04-Jan-2018 06:23:20,1254.45,1139.86,3359.81,5642.07,85496.8,82711.3
11-Jan-2018 12:54:47,1167.07,1114.54,3389.73,5562.57,13162.1,83977.1
26-Dec-2017 20:07:45,0.575436,0,0.739846,0,1.43859,2.46615
29-Dec-2017 12:37:28,1316.76,1192.96,3360.96,5330.51,2793.33,83872.5
30-Dec-2017 11:15:39,1310.84,1219.92,3150.27,5341.2,83106.7,84854.2
27-Mar-2018 19:33:35,0,0.246615,0,0,1.6441,1.23308
12-Jan-2018 19:34:50,0,0,0.986462,0.328821,0,0
31-Mar-2018 10:13:18,1001.34,1093.9,3294.54,5283.98,103491,83392.4
03-Jan-2018 03:42:42,1390.75,1339.61,3422.2,5288.91,86198.2,87242
12-Jan-2018 12:20:56,1170.6,1163.94,3146.89,5605.07,79551.3,80731.4
03-Jan-2018 11:20:45,1354.33,1219.68,3176.74,5867.31,86930.5,84721.8
12-Dec-2017 07:54:07,0,10.1934,3378.22,5828.02,84738.7,471.035
11-Jan-2018 11:03:01,0,10.6045,3273.08,6158.97,83456.9,2630.15
16-Jan-2018 02:58:05,1288.89,1301.8,3305.22,5308.48,82688.3,84885.4
27-Mar-2018 12:01:06,1120.46,1115.85,3350.6,5622.91,8179.62,77326.3
22-Feb-2018 17:50:32,0,0,0,0,0,0
22-Feb-2018 15:51:33,0,0.657641,4482.89,0,70203.8,1254.66
01-Nov-2017 03:33:16,1253.87,1289.31,3083.76,5822.59,89647.2,83058.2
17-Jan-2018 09:07:27,551.185,339.589,3344.27,5541.45,29540.2,24411
21-Feb-2018 21:53:38,0.16441,0,0,0,0.822051,0.205513
31-Mar-2018 15:40:18,0,1023.62,3291.33,5449.3,80915.3,101933
01-Nov-2017 13:00:28,0,10.4401,3205.51,6112.53,82931,1769.47
28-Mar-2018 23:21:26,1005.62,1031.67,3372.14,5767.18,113817,87922.3
31-Mar-2018 17:51:41,0,9.20697,3152.73,5721.48,83762.7,144032
13-Jan-2018 17:41:57,1215.73,1165.42,3412.25,5349.91,14161.1,83999.1
28-Mar-2018 05:57:49,1101.14,1174.79,3332.43,5435.57,85846.4,77585.4
19-Jan-2018 20:01:43,0,0.739846,0,0,0,3.90474
01-Nov-2017 16:16:49,973.884,178.796,3174.35,5768.01,86738.1,141929
12-Dec-2017 17:30:33,0,0,0.0822051,0.246615,0,1.6441
01-Nov-2017 11:49:31,410.943,398.695,3321.33,6646.12,55119.2,4836.74
22-Feb-2018 18:22:02,0,0,0,0,0,0
17-Jan-2018 14:29:15,627.718,409.628,3365.07,5868.13,66595.8,9424.61
13-Dec-2017 16:02:19,0,10.3578,3356.44,6218.82,86690.2,2606.11
13-Jan-2018 20:44:33,0,1308.38,3131.03,5618.97,87786.2,84262.3
23-Dec-2017 18:23:44,958.758,987.119,3460.67,5875.28,134066,61690
28-Mar-2018 10:20:43,1013.1,1071.54,3109.33,5626.86,84074.1,85146.6
28-Mar-2018 10:28:50,630.02,662.82,3270.53,5889.5,83107.8,50370.6
16-Jan-2018 22:07:05,0.0822051,0.0822051,0,0,0,0.616539
13-Dec-2017 13:52:10,914.45,1021.97,3459.6,5602.44,85229.5,57750.8
26-Dec-2017 17:17:40,0.575436,0,1.72631,0,2.67167,0
31-Mar-2018 08:47:39,1034.96,1079.6,2973.85,5467.22,119720,81820.4
12-Dec-2017 16:41:32,1137.55,1212.53,3295.44,5508.81,84128.3,84244
04-Jan-2018 22:51:33,1341.01,1226.99,3390.8,5657.27,84912.6,83048.8
28-Mar-2018 05:16:16,1056.66,1134.92,3254.25,5479.71,83500.7,81105.8
19-Jan-2018 22:09:54,0,0.0822051,28.6896,0,0,0
21-Feb-2018 00:49:59,1270.97,1374.06,3496.76,5744.91,25278.1,81919.5
17-Jan-2018 07:04:51,1297.85,1198.8,3130.7,5738.49,83366.7,81697.3
31-Mar-2018 08:47:41,1009.73,1077.22,2945.33,5501.66,141710,80630.9
27-Mar-2018 08:48:11,0,0.822051,5174.73,0,68726.4,0
29-Mar-2018 13:39:22,1110.43,1114.62,3267.49,5623.82,24868.1,83293.9
13-Dec-2017 22:04:19,0.822051,0,0.16441,0,0,0.822051
12-Jan-2018 11:58:50,1108.62,1106.97,3076.94,5167.74,139910,72897.2
23-Dec-2017 18:04:00,428.371,272.181,3294.62,5537.5,85920.4,5358.13
19-Jan-2018 14:19:14,1062.01,1064.64,3138.76,5547.2,80844,81053
13-Dec-2017 00:26:27,388.173,330.876,4686.68,0,85558.5,517.687
28-Mar-2018 14:36:46,0,1012.52,3499.64,5872.65,77456.6,87453.1
29-Mar-2018 15:26:04,1002.16,1016.3,3091.9,5472.81,146010,83640.4
18-Jan-2018 00:56:18,1324.32,1218.86,3154.79,5657.52,84843.9,83850.5
13-Dec-2017 04:05:58,1149.8,1218.94,0,6049.97,1515.66,66897.1
12-Dec-2017 18:12:21,0.739846,0.246615,0.904256,0,0,2.05513
26-Dec-2017 11:45:18,1380.06,1312.24,3380.44,5373.91,60510.8,83910.9
21-Feb-2018 00:25:53,426.562,296.185,3340.49,5582.8,87776.2,2014.23
11-Jan-2018 11:30:07,1.15087,0.0822051,13.235,0,2.87718,0
29-Mar-2018 12:15:46,1235.13,1324.16,0,5584.85,3004.6,89250.3
31-Mar-2018 08:47:40,1040.22,1068.58,3015.04,5125.33,130754,81468.2
21-Feb-2018 14:58:16,651.64,710.828,3388.25,5800.39,63054.6,36177.9
03-Jan-2018 14:54:29,1281.74,1214.01,3506.71,5739.4,4270.35,85091.8
22-Feb-2018 14:26:29,0,301.611,3356.27,5630.72,89816.1,103640
29-Mar-2018 22:22:50,742.23,921.273,3662.81,6658.04,62533.7,41793.7
12-Dec-2017 13:39:20,1084.2,1221.57,3164.16,5600.39,83554.5,83031.5
30-Dec-2017 04:11:34,1164.76,1052.8,3224.66,5160.34,81785.1,81878.2
31-Mar-2018 10:38:07,981.94,1008.08,3195.56,5206.46,134366,77514.5
27-Mar-2018 09:03:35,0,0.575436,4800.53,0,87814.8,0
29-Dec-2017 13:26:18,0,8.87815,3128.73,5481.27,73210,100410
27-Mar-2018 09:56:03,0,11.1799,3060.17,6385.69,86091.6,380.61
28-Mar-2018 17:52:46,0.246615,0,0,0.16441,0,0
01-Nov-2017 12:47:26,0,958.758,3223.92,5931.35,74664,129741
01-Nov-2017 15:34:47,973.884,1034.72,2992.51,5499.03,79954.4,78174.2
12-Dec-2017 01:22:10,1124.57,1213.02,3237.73,5645.19,83162.8,81730.8
29-Dec-2017 10:17:19,1381.54,1275.99,3276.7,5358.46,82316.3,80558.8
18-Jan-2018 13:47:02,1211.7,1182.27,3155.69,5571.37,84676.4,83390.5
11-Jan-2018 18:07:34,0,0,1.15087,0,0,0
21-Feb-2018 13:28:18,464.952,342.302,3450.64,5788.31,87553.6,6309.45
13-Dec-2017 12:53:50,535.566,692.743,3809.22,6371.23,7043.54,29673
21-Feb-2018 13:36:37,1100.15,1231.93,3376.08,5657.44,88014.4,66517.9
16-Jan-2018 01:49:39,1277.71,1325.31,3315.99,5549.5,83050.4,84411.1
04-Jan-2018 16:27:03,1208.99,1148.16,3010.52,5494.26,127635,79003
01-Nov-2017 16:17:08,0,9.86462,3052.28,5506.92,84694.3,130793
26-Dec-2017 10:03:10,0,10.9333,3347.39,5775.65,91528.2,2916.02
31-Mar-2018 03:05:44,0,0.575436,0,0.16441,0,0
23-Dec-2017 18:26:26,1118.07,1058.56,3518.54,5876.84,20810.8,69405
28-Mar-2018 20:20:33,0,0,0,0.328821,1.23308,0
01-Nov-2017 09:46:22,994.024,1064.97,3522,5839.36,1228.76,82555.5
13-Dec-2017 18:55:12,0.16441,1.06867,0.16441,0.493231,1.23308,0.205513
29-Mar-2018 15:47:32,1014.82,1047.13,3361.86,5605.65,82889.9,83526
27-Mar-2018 09:15:08,0,0.657641,4673.94,0,87002.2,0
16-Jan-2018 16:48:44,0,7.72728,3522.82,5718.6,29873.3,129820
03-Jan-2018 19:07:27,0.411026,0.0822051,0.904256,0.0822051,0,0
12-Jan-2018 08:20:46,1297.2,1245.08,3160.13,5324.67,85334.9,82944.6
28-Mar-2018 22:36:59,1178.41,1210.8,3371.31,5590.2,9799.67,89537.4
27-Mar-2018 17:28:12,0.16441,0.575436,1.31528,0,0.616539,0
28-Mar-2018 07:41:15,0,9.37138,3134.24,5786.42,83542.2,38877.1
12-Dec-2017 02:07:05,1166,1261.52,3267.82,5494.59,80674.5,83051
01-Nov-2017 16:18:43,397.215,422.37,3196.05,5750.25,80797.4,28162.7
28-Mar-2018 20:02:58,0.246615,0.246615,0,0,0.205513,0
01-Nov-2017 06:50:30,0,392.283,3185.86,6194.32,82994.1,123563
29-Dec-2017 09:50:12,0,11.0155,3191.04,6104.47,86326.5,1849.82
01-Nov-2017 16:17:56,0,9.28918,3004.27,5534.62,82839.1,140166
29-Mar-2018 15:26:05,986.708,1001.34,3049.32,5664.59,124380,83461.4
29-Dec-2017 22:33:52,0,12.3308,3505.88,5947.21,87558.3,4067.72
23-Dec-2017 18:34:17,1178.99,1163.28,3252.69,5513.91,78004,82322.1
31-Mar-2018 10:53:43,1017.62,1069,3366.46,5331.17,12493.7,84743.8
28-Mar-2018 22:36:23,1160.65,1186.55,3331.03,5910.38,127931,82771.1
29-Mar-2018 12:11:46,1217.7,1302.13,3340.82,5732.57,25197.7,80479
13-Dec-2017 00:50:34,400.421,336.548,5035.39,0,62211.2,436.715
21-Feb-2018 14:44:03,1.5619,0,11.5909,0,0.822051,0
16-Jan-2018 09:38:48,835.122,877.622,3237.24,5988.89,86097.1,58856.6
22-Feb-2018 08:35:58,529.072,487.559,3481.55,6176.65,40613.2,26675.6
04-Jan-2018 03:58:16,1326.46,1257,3169.83,5576.3,85694.7,84124.4
17-Jan-2018 10:36:36,1403.16,1301.31,3251.95,5751.98,88306,83174.7
27-Mar-2018 18:25:05,0.411026,0,0.328821,0,1.84962,1.43859
30-Dec-2017 08:38:37,0,0.575436,4577.84,0,87703.2,1756.52
27-Mar-2018 20:27:15,0,0,0,0,0,0
13-Dec-2017 08:13:03,1173.64,1234.64,3577.16,5380.16,29164.9,83911.7
22-Feb-2018 21:03:45,0.16441,0,0,0,0,0
12-Dec-2017 15:59:12,1119.55,1192.06,3301.36,5210,85249,82741.3
23-Dec-2017 06:26:24,1379.4,1326.63,3336.87,5554.27,82359.1,82624.4
22-Feb-2018 22:47:41,1053.79,1071.95,3296.59,5548.44,91065,65114.3
26-Dec-2017 02:34:47,1181.86,1156.46,3153.88,5636.81,81772.1,86077.6
04-Jan-2018 13:09:57,1208.58,1088.4,3225.24,5431.29,159610,79308
17-Jan-2018 14:15:18,1313.06,1260.7,3520.19,5317.03,2449.92,86370.3
22-Feb-2018 15:05:45,0,1296.95,3527.5,5653.82,65271.7,99496
01-Nov-2017 07:55:40,7.89169,849.426,2982.24,5943.02,77007.7,99900.6
22-Feb-2018 08:24:44,0.0822051,0.246615,2.13733,0,2721.81,2172.27
18-Jan-2018 20:37:11,0.16441,0,0,0,0.616539,0
23-Dec-2017 03:21:55,0,11.6731,3597.46,6476.94,3682.58,5959.05
29-Dec-2017 19:26:44,0,0,0,0,0,0.411026
22-Feb-2018 02:37:09,0,10.6045,3370.57,5650.45,86434.4,3952.63
01-Nov-2017 11:29:55,0,12.824,3529.89,6550.27,39605,0
22-Feb-2018 09:23:02,772.728,848.439,3190.05,5630.56,87671.4,48116.5
01-Nov-2017 06:18:24,0,10.1112,3486.4,6366.29,85753.9,29289.9
16-Jan-2018 16:47:54,663.067,491.669,3387.67,5773.02,46322.8,53302.4
26-Dec-2017 04:02:22,499.314,313.037,3191.94,5738.74,84699.4,10070.3
22-Feb-2018 20:01:59,0,0,0,0,0.616539,0.205513
26-Dec-2017 15:27:11,510.494,303.995,3338.27,5704.05,85608.4,5805.12
01-Nov-2017 13:47:18,0,9.28918,3112.45,5694.68,83123.2,134636
23-Dec-2017 07:16:19,1077.71,1062.83,3376.25,6002.7,63158.4,52746.9
03-Jan-2018 18:09:15,0,0,0,0,0,0
26-Dec-2017 02:51:28,0,8.87815,3051.21,5323.03,84876.6,131177
21-Feb-2018 20:28:13,0,1.39749,0,0.493231,0.411026,0
01-Nov-2017 14:16:18,0,11.1799,3284.01,5667.47,76042.8,60954.1
19-Jan-2018 19:53:56,0.0822051,0,0,0.575436,0,0
04-Jan-2018 12:42:02,659.285,722.008,3154.13,5958.89,86227,58310.8
12-Jan-2018 01:21:42,1257.99,1153.34,3217.59,5510.62,83621.9,83327.2
13-Dec-2017 22:55:47,1034.96,1071.87,3176.74,5513.09,143432,72585.1
23-Dec-2017 06:39:36,1298.18,1265.22,3300.12,5568.9,84221.6,85035.5
30-Dec-2017 07:03:59,1298.02,1141.09,3578.8,5478.31,1982.17,79217.8
30-Dec-2017 08:49:28,0.575436,10.2756,0,6867.42,2951.78,4004.83
12-Jan-2018 11:58:52,1157.12,1100.4,3353.8,5456.04,44419.1,70891.9
01-Nov-2017 09:55:44,1069,1086.83,3510.24,5814.45,1206.77,78385.3
27-Mar-2018 08:12:28,0,1093.41,3347.06,5555.42,83661,84184.4
13-Dec-2017 08:19:19,0,11.1799,3229.92,6006.4,75374.5,975.98
12-Dec-2017 21:42:54,0,0.0822051,0.657641,0,0,3.28821
13-Dec-2017 22:48:16,1143.97,1186.22,3387.34,5746.14,86225.4,120449
27-Mar-2018 14:50:36,0,10.1112,3142.54,5990.04,84146,5228.45
27-Mar-2018 14:46:48,1077.05,1101.14,3262.39,5619.21,86710,84190.6
29-Dec-2017 21:04:46,0,0.0822051,0.575436,0,0,0
29-Dec-2017 06:32:02,1346.03,1285.69,3111.3,5570.22,81516.3,84146.2
17-Jan-2018 12:16:55,1254.2,1227.65,3131.93,5265.4,82468.8,82437
01-Nov-2017 18:22:57,0.493231,0.328821,0.493231,0,0,1.43859
04-Jan-2018 12:35:58,0,10.1112,3217.02,5503.8,84314.9,3256.35
29-Mar-2018 00:35:07,1042.69,1089.05,3283.85,5536.35,82829.9,80202.6
28-Mar-2018 07:28:47,1014.74,1052.06,2936.04,5474.45,139529,80443.3
17-Jan-2018 15:26:10,1225.19,1067.19,3162.68,5747.37,87408.7,70200.5
11-Jan-2018 19:47:43,0,0.246615,0.411026,0.822051,1.6441,0.205513
31-Mar-2018 13:30:23,933.604,970.678,3199.34,5542.93,149098,70146.3
23-Dec-2017 12:20:17,1313.39,1190.08,3098.97,5542.6,82373.7,82882.7
27-Mar-2018 08:59:35,0,0.739846,4886.68,0,88053.2,0
28-Mar-2018 23:21:23,1011.04,1044.09,3379.12,5735.04,98025.3,87827.1
04-Jan-2018 10:09:10,0,10.029,3484.35,5805.82,2955.27,0
28-Mar-2018 20:42:55,0,0,0,0,0,0.411026
11-Jan-2018 08:03:53,1259.38,1229.38,3210.93,5488.59,78832.3,86219.6
29-Mar-2018 15:26:09,1023.13,987.941,3245.87,5406.14,156463,82150.5
23-Dec-2017 20:28:32,1280.18,1239.08,3158.4,5549.42,124929,84611.7
12-Dec-2017 12:51:54,0,0,18.3317,0,0,0.411026
30-Dec-2017 23:19:36,1360.49,1256.92,3304.4,5403.01,81962.4,83921.8
23-Dec-2017 01:44:37,1271.55,1204.47,3211.67,5495.5,81881.9,85355.9
22-Feb-2018 09:19:57,0,9.70021,3208.22,5881.78,88560.4,118043
29-Dec-2017 11:43:05,1243.76,1165.18,3316.24,5384.11,84778.8,79309.5
12-Jan-2018 16:17:53,686.413,768.618,3534.16,5871.09,1474.55,61797.3
26-Dec-2017 19:39:11,0,0,0,0,1.6441,0
28-Mar-2018 16:15:42,885.842,906.229,3341.23,5512.84,94394.9,88826.8
11-Jan-2018 11:31:10,0.493231,0.16441,12.824,0,1.6441,0
11-Jan-2018 10:55:11,0,10.6045,3198.19,5714.65,87063,1082.85
31-Mar-2018 17:04:00,0,946.428,3196.79,5428.58,86109.7,130707
01-Nov-2017 21:10:29,0.575436,0,0,0,1.43859,0
12-Jan-2018 21:32:50,0.246615,0.0822051,0.739846,0,0,0
01-Nov-2017 12:38:51,845.069,922.999,3429.02,5724.44,39017,62431.7
22-Feb-2018 08:17:32,447.36,351.838,8.63154,0,2613.51,2594.81
16-Jan-2018 00:35:38,1320.13,1316.93,3206.33,5389.12,81666.1,84924.5
26-Dec-2017 22:13:33,0,13.0706,3723.73,6249.89,4372.08,2093.35
12-Dec-2017 14:57:38,1066.28,1151.12,3208.22,5290.64,79306.2,79668.3
04-Jan-2018 12:38:24,460.184,9.20697,3288.78,5720.16,86800,4995.81
28-Mar-2018 10:43:27,992.627,1058.56,3368.77,5463.44,74776.9,76208.7
22-Feb-2018 09:52:46,1.97292,0,55.4063,0,2441.08,4515.32
17-Jan-2018 22:48:44,551.432,342.056,4684.71,0,87122.4,1386.39
30-Dec-2017 08:38:33,0,0.822051,4600.53,0,85207.5,1496.34
01-Nov-2017 18:42:27,0.657641,0,0,0,0,0.205513
19-Jan-2018 06:53:11,1200.85,1154,3131.93,5332.89,82455.5,83042.8
28-Mar-2018 08:01:22,974.871,967.061,3524.13,5316.78,100780.768567746,71941.4
03-Jan-2018 23:30:16,1270.89,1146.27,3275.38,5479.55,84637.4,82296
22-Feb-2018 06:20:32,1014.99,1084.04,3411.1,5654.81,68162.4,56616.5
21-Feb-2018 06:22:47,0,7.15185,3327.58,5656.78,90400.8,133518
29-Mar-2018 22:19:54,569.024,480.325,3687.97,6865.77,31861.9,22043.7
12-Jan-2018 03:52:10,1123.91,1092.42,2910.72,5501,158783,82062.1
27-Mar-2018 15:59:54,0,9.86462,3383.97,5704.3,86262,5336.96
01-Nov-2017 23:46:49,0,8.30272,3493.22,6043.89,75926.7,109320
29-Mar-2018 18:03:20,0.739846,0,0,0,0,0
03-Jan-2018 19:27:20,0.411026,0,0.246615,0,0.411026,0
13-Dec-2017 12:52:52,446.374,480.9,3832.98,6517.55,39891.7,18515.5
13-Dec-2017 22:19:48,551.514,479.667,3694.46,6391.2,64284.6,3566.06
31-Mar-2018 02:54:10,0,0,0,0,2.05513,0
22-Feb-2018 18:20:00,0,0.986462,0,0.411026,0,0.205513
03-Jan-2018 11:23:17,1378.25,1226.58,3205.92,5382.63,82935.9,81501.2
29-Mar-2018 02:47:07,554.227,514.44,3456.64,5671.99,34785.7,36121.1
31-Mar-2018 10:13:23,1036.11,1049.1,3296.34,5254.72,145244,80691.3
29-Dec-2017 09:22:37,0,9.94682,3321.09,5591.1,85161.9,4840.24
22-Feb-2018 20:30:28,0,0,0,0,0.411026,0
31-Mar-2018 10:13:19,1003.15,1042.03,3255.08,5566.77,153405,82124.6
28-Mar-2018 23:21:25,1001.26,1013.92,3398.94,5520.9,124676,88885.3
30-Dec-2017 17:51:11,1273.11,1184.865,3306.62,5351.39,79201.2,84550.9
12-Jan-2018 00:01:38,1254.86,1194.11,3047.02,5376.13,82794.1,79460.9
29-Mar-2018 16:34:24,390.557,293.39,4786.23,0,86791.4,2384.36
11-Jan-2018 06:42:09,1174.55,1143.39,3034.19,5484.89,82594.8,81310.7
22-Feb-2018 15:52:03,0,9.5358,3106.86,5411.32,69013.1,113363
16-Jan-2018 20:54:13,1.06867,0.493231,0.411026,0.246615,0,1.84962
30-Dec-2017 13:34:04,1247.13,1124.32,3252.2,5507.25,97374.2,84974.8
28-Mar-2018 13:45:53,0,11.1799,3425.08,5896.25,84168.6,39835.4
03-Jan-2018 12:01:44,1114.29,1040.31,3623.77,6058.27,2340.17,51125.2
21-Feb-2018 17:20:39,0.493231,0,0.493231,0.246615,3.69923,0
27-Mar-2018 22:51:49,0,1.06867,4790.34,0,85314.3,1050.58
04-Jan-2018 09:19:35,1166.24,1096.95,3116.97,5614.69,163855,84818.2
22-Feb-2018 19:17:47,1.06867,0,0,0,0,0
12-Jan-2018 20:22:50,0.328821,0.575436,1.31528,0,1.02756,1.84962
13-Jan-2018 00:48:34,1184.66,1157.37,3096.67,5519.17,158555,81351.8
29-Dec-2017 08:34:23,1419.19,1306.16,3570.25,5533.8,8377.32,87980.9
22-Feb-2018 23:25:55,0,10.2756,3444.89,5654.48,88916.6,8306.42
29-Mar-2018 21:49:30,0.575436,0,0,0.822051,0,0
01-Nov-2017 11:12:05,0,11.2621,3264.37,6624.91,82878,0
21-Feb-2018 23:24:25,1212.03,1221.73,3204.27,5516.46,83061.5,83968.8
21-Feb-2018 00:43:21,1195.92,1253.3,3355.04,5568.74,86355.7,74755.9
21-Feb-2018 21:39:34,0,0,0,0.246615,0.205513,0
31-Mar-2018 17:34:41,0,9.20697,3351.34,5701.09,85512,142245
29-Dec-2017 23:59:32,0,11.0155,3392.03,5951.98,77657.8,9652.73
26-Dec-2017 08:59:50,1410.15,1435.88,3396.3,5427.76,20857.7,69370.7
16-Jan-2018 07:29:06,710.992,809.885,3473.99,6590.47,53271.8,46355.5
29-Mar-2018 15:26:03,981.858,1002.9,3096.75,5533.72,128928,83082.5
29-Dec-2017 02:07:33,0,11.7553,3533.18,6444.39,75106.1,2958.36
13-Jan-2018 06:03:58,1352.77,1280.26,3353.07,5837.14,80778.9,82614.9
19-Jan-2018 21:24:28,0,0,0.16441,0,0,0
11-Jan-2018 01:04:15,1213.35,1197.81,3255.08,5471.82,85013.3,83437.8
19-Jan-2018 12:28:41,1103.28,1081,3194.08,5624.23,158015,86951.9
13-Jan-2018 17:12:42,1224.03,1224.61,3378.38,5426.61,110263,85479.6
28-Mar-2018 07:41:17,0,9.78241,3340.32,5851.03,82831.1,129037
03-Jan-2018 20:32:47,0.0822051,0,0.822051,0,0.411026,1.6441
17-Jan-2018 06:59:10,1283.55,1155.23,3122.15,5615.35,82700.8,82282.8
12-Jan-2018 21:29:58,0,0,1.47969,0,2.05513,2.26064
29-Dec-2017 11:47:42,1281.91,1184.08,3300.21,5412.96,82908.2,82510.1
23-Dec-2017 15:06:55,1218.94,1120.04,3179.28,5354.84,80366.2,85073.3
11-Jan-2018 00:45:05,595.905,663.395,3690.6,5965.96,47568.8,47662.1
17-Jan-2018 08:11:45,1318.98,1241.79,3516.41,5392.25,41580,78863.3
16-Jan-2018 07:19:46,0,0.0822051,55.6529,0,2292.7,1972.92
13-Jan-2018 23:52:23,1298.43,1310.1,3229.84,5441.16,127225,85279.8
26-Dec-2017 22:16:37,0,11.8375,3501.03,6189.88,63121.8,1309.32
29-Dec-2017 19:26:40,1.15087,0,0.575436,0,0.411026,0
29-Mar-2018 21:55:10,0,0.986462,0,0,0,0.411026
17-Jan-2018 17:41:24,0,0,0.411026,0,1.43859,0
16-Jan-2018 11:15:38,1144.62,1085.19,3219.4,5443.29,81205.5,79392.5
21-Feb-2018 15:49:11,0,0.657641,4705.5,0,85973.4,1879.21
01-Nov-2017 05:46:24,1193.7,1245.98,3410.12,5639.44,2538.91,82220.3
18-Jan-2018 12:19:31,1213.59,1205.29,3077.35,5573.59,83263.3,84846
26-Dec-2017 09:05:08,1442.54,1401.02,3635.93,5716.46,2781.21,74070.9
16-Jan-2018 15:02:20,1111.25,1061.43,3251.71,5683.66,83402.2,82690.8
17-Jan-2018 18:06:54,1.06867,1.23308,0,0,1.02756,0
12-Jan-2018 23:24:06,568.859,371.321,3742.72,5735.29,4147.87,5914.45
13-Jan-2018 00:57:49,1163.45,1129.42,3163.25,5470.01,141005,85738.3
19-Jan-2018 05:26:45,1189.84,1193.13,3072.09,5528.87,83620.3,83479.7
29-Mar-2018 11:27:37,0,10.1112,3217.51,5880.46,83583.9,3293.96
28-Mar-2018 08:14:42,882.143,918.725,3084.34,5542.85,141231,78399.2
16-Jan-2018 22:04:44,0,0,0,0,1.02756,0
13-Dec-2017 01:09:47,0,11.1799,3498.24,5507.66,84743.6,0
12-Dec-2017 11:42:43,0,10.5223,3477.69,5786.01,86523.2,6999.97
17-Jan-2018 14:15:19,1319.56,1274.59,3462.73,5753.62,2249.13,85726.6
13-Jan-2018 23:52:22,1298.43,1261.11,3344.93,5501.99,87977.8,83539.3
04-Jan-2018 09:27:11,0,10.6045,3447.27,5970.31,71975.7,16592.7
22-Feb-2018 22:26:07,0,1252.48,3527.92,5831.06,86474,92168
16-Jan-2018 14:33:31,1161.64,1101.63,3289.6,5380.57,81020.1,84944.6
28-Mar-2018 08:14:41,893.323,910.257,3137.52,5362.24,130117,78383.4
21-Feb-2018 06:32:07,0,9.94682,2920.91,5821.6,87774.1,135379
22-Feb-2018 03:59:12,0,267.989,3311.06,5221.01,85104.1,119920
21-Feb-2018 04:57:13,1179.56,1241.05,3268.56,5380.74,83438.2,84578.4
04-Jan-2018 09:54:07,0,9.618,3458.45,6169.99,2548.98,0
29-Dec-2017 22:57:49,1245.16,1171.42,3343.53,5777.62,82667.1,67906.6
29-Dec-2017 04:58:33,1448.13,1361.89,3227.29,5437.79,85313.1,83161
28-Mar-2018 20:28:10,0.328821,0,0,0,0.822051,2.46615
21-Feb-2018 17:07:13,0.575436,0,0,0.493231,1.84962,0
12-Dec-2017 03:04:01,349.618,297.5,3369.26,5677.25,85092.8,1214.58
30-Dec-2017 15:25:39,1276.65,1173.97,3505.97,5631.46,1814.68,78603.3
18-Jan-2018 15:06:44,1090.53,1083.71,3321.5,5961.84,84313.5,70208.5
13-Jan-2018 07:53:58,1222.39,1201.02,3249.4,5611.16,80685.8,82573.4
01-Nov-2017 20:35:57,0.0822051,0,0,0,0,2.26064
13-Jan-2018 00:58:32,1206.2,1169.37,3549.86,5567.26,74951.1,81381.9
21-Feb-2018 22:30:34,1232.25,1286.26,3314.35,5592.09,78246.1,81239.4
13-Jan-2018 17:06:52,1229.54,1206.03,3085.73,5499.52,82214.4,85571.4
12-Jan-2018 21:01:39,0,0.0822051,0,0,1.6441,0
03-Jan-2018 08:32:24,1140.93,1035.95,3556.69,5949.76,2503.97,65849
21-Feb-2018 12:57:38,444.401,335.15,3342.05,5951.65,88802.5,2975.41
28-Mar-2018 07:53:38,0,10.7689,3300.86,6133.16,74970.3,69868.8
12-Dec-2017 09:06:48,1227.98,1290.87,3163.01,5443.71,92021.9,92093.4
13-Dec-2017 03:51:06,0,10.2756,3374.69,5681.94,83097.1,1806.66
29-Dec-2017 21:45:48,0,0.16441,0,0,0,0
28-Mar-2018 07:45:21,869.237,948.894,3215.45,5581.32,88812.8,61487
17-Jan-2018 14:00:52,1323.75,1254.78,3356.93,5626.04,1392.35,80969.2
16-Jan-2018 04:46:42,479.585,318.463,4732.8,0,87940.6,1820.64
28-Mar-2018 15:56:54,972.158,1000.19,3407.16,5475.85,25582,86255.4
03-Jan-2018 03:13:10,1316.84,1263.41,3293.88,5562.66,86348.3,85119.5
16-Jan-2018 13:07:34,1170.44,1082.64,3302.84,5657.44,87140.9,82760.4
26-Dec-2017 05:47:14,0,11.6731,3331.53,5695.09,83673.3,1254.04
23-Dec-2017 11:54:06,526.771,386.611,3522.82,6858.95,74367.5,1894.21
26-Dec-2017 19:23:41,0.411026,0.411026,0,0,2.05513,0.822051
04-Jan-2018 13:20:18,1256.34,1198.06,3252.77,5629.24,73413.1,83546.1
12-Jan-2018 21:32:57,0.0822051,0,1.80851,0,0,0.616539
12-Jan-2018 12:06:48,0,11.4265,3240.03,5725.18,75481.2,33568.9
22-Feb-2018 18:27:52,0.246615,0.246615,0,0,0,0
22-Feb-2018 08:25:48,0.739846,0.16441,1.97292,0,2820.25,2852.93
21-Feb-2018 17:57:26,0,0,0.246615,0.16441,0,0.616539
27-Mar-2018 09:10:06,0,0.657641,4694.98,0,86077,0
01-Nov-2017 14:00:48,15.3724,995.586,3350.43,5619.05,75875.5,102354
21-Feb-2018 06:30:44,0,11.9197,3279.82,5360.84,87230.7,102911
16-Jan-2018 12:19:48,1202.5,1129.99,3131.6,5301.41,84967.4,83338.5
30-Dec-2017 11:29:22,1295.55,1218.61,3227.7,5445.19,85478.3,81956.1
03-Jan-2018 03:13:12,1316.93,1281.66,3302.67,5475.85,85937.5,86453.1
30-Dec-2017 17:51:13,1211.87,1141.5,3091.32,5440.34,134810,82076.3
19-Jan-2018 14:35:04,997.97,1011.45,3118.86,5733.56,81215.8,81513.4
19-Jan-2018 03:20:30,1219.35,1192.39,3356.93,5480.21,84116.4,82391.3
27-Mar-2018 14:16:36,418.013,309.913,3381.51,6094.36,87943.1,1100.73
22-Feb-2018 23:25:30,0,10.2756,3343.94,5941.62,87468.1,101425
22-Feb-2018 22:12:33,0,10.1112,3354.05,5594.14,83596,138421
28-Mar-2018 14:01:40,973.309,1085.44,3488.54,6140.07,12376.4,65398.7
17-Jan-2018 15:45:22,1284.7,1193.45,3174.19,5352.95,84050.6,82259.6
30-Dec-2017 17:08:51,1269.33,1206.11,3087.54,5330.51,83904.9,82463.5
26-Dec-2017 04:05:36,538.033,316.079,4725.32,0,89406.1,13012.7
29-Mar-2018 17:05:30,0,0,0,0.411026,2.67167,0
01-Nov-2017 06:25:36,909.682,888.309,3378.3,6288.69,70547.6,61174.6
31-Mar-2018 22:15:39,1201.84,1197.4,3378.96,5770.8,75115.1,75743.6
27-Mar-2018 17:37:25,0,0.904256,0,0,0.205513,0
28-Mar-2018 08:53:51,0,0.822051,4539.78,0,83001.5,216.405
17-Jan-2018 11:52:18,580.286,390.803,3290.84,5418.3,86111.5,5440.95
01-Nov-2017 08:52:08,0,11.5909,3550.52,6414.88,2812.85,1905.52
28-Mar-2018 08:40:23,471.118,487.559,3355.7,5328.54,72773.9,32425
27-Mar-2018 18:20:50,1.06867,0,1.31528,0,0,0
12-Dec-2017 14:08:19,1089.71,1166.82,3178.63,5706.6,84160,80633.8
31-Mar-2018 15:21:45,0,1020.17,3375.01,5467.13,82023.5,84661
11-Jan-2018 10:50:52,0,10.3578,3177.89,5616.67,82633.2,2633.03
11-Jan-2018 04:01:28,1295.47,1272.21,3248.25,5428.74,81906.5,85124.6
28-Mar-2018 23:21:31,990.654,1005.86,3535.89,5732.41,159608,82425.4
03-Jan-2018 11:49:13,0,9.5358,3492.16,6433.95,2488.97,2270.51
01-Nov-2017 01:56:58,0,12.2486,3427.54,6419.15,76921.8,1391.73
22-Feb-2018 22:35:42,1188.69,1188.85,3307.28,5615.02,87186.4,72996.5
29-Dec-2017 12:15:07,0,1175.2,3379.37,5246.99,83754.5,102476
12-Jan-2018 23:37:58,0.904256,0.493231,13.6461,0.411026,0,0
01-Nov-2017 22:18:59,0,10.1112,2958.89,5982.73,83138.8,160037
03-Jan-2018 11:27:52,1369.21,1217.38,3194,5438.86,150541,86793
26-Dec-2017 14:34:38,1254.45,1167.81,3464.04,5774.17,2260.02,62828.6
03-Jan-2018 19:55:15,0,0.493231,0.739846,0.986462,0,0.205513
13-Dec-2017 04:12:24,403.874,330.876,3900.22,6077.92,28463.9,20511.2
13-Jan-2018 09:52:35,1271.96,1238.01,3317.06,5412.8,6776.17,85050.7
13-Jan-2018 18:31:42,1226.01,1213.76,3145.91,5471.74,89126,85383
13-Dec-2017 19:43:12,0,0.739846,0.16441,0.411026,0,0.616539
31-Mar-2018 06:36:30,0,0,0,0,0.411026,0
01-Nov-2017 17:19:36,0.657641,0.575436,0.16441,0,1.6441,0
12-Jan-2018 23:03:13,0,9.78241,3278.59,6272,90793.7,2140.01
17-Jan-2018 03:48:48,1313.61518187773,1194.8793130648,3235.02043876138,5572.04806355328,87618.0613032882,82704.9703274038
22-Feb-2018 21:03:20,0,0,0,0,0,0
03-Jan-2018 06:12:22,493.231,359.812,3010.52,6155.93,87976.1,9998.82
13-Jan-2018 06:22:41,1351.53,1290.05,3322.65,5752.39,85416.5,84741
12-Jan-2018 12:18:16,1127.11,1144.46,3120.42,5784.69,81070.7,70294.8
01-Nov-2017 07:37:38,0,1011.95,2942.29,5847.17,81767.2,139414
30-Dec-2017 14:35:04,1151.53,1121.28,3232.96,5591.26,83228.6,84724.1
04-Jan-2018 20:01:31,0.904256,0.246615,0,0.16441,0.411026,0
23-Dec-2017 17:42:17,1133.44,1065.3,3165.56,5542.43,83185.8,82201.6
21-Feb-2018 20:02:47,0.739846,0,0.246615,0.16441,0,0
12-Dec-2017 10:10:57,1308.71,1350.14,3324.95,5755.18,5723.74,87382.6
12-Dec-2017 12:09:43,405.354,350.44,33.7863,0,4723.3,4493.95
13-Jan-2018 18:28:38,1252.56,1214.66,3148.62,5392,85901.7,79610.5
18-Jan-2018 20:53:17,0.575436,0,0,0.246615,0.411026,0
16-Jan-2018 05:46:33,1142.24,1153.17,3197.45,5466.56,80563.9,85062.8
04-Jan-2018 17:23:29,0,0.328821,0.246615,0.657641,0.822051,0
01-Nov-2017 04:04:14,1222.64,1245,3254.34,5802.94,86828.8,82418.9
28-Mar-2018 07:39:15,0,1004.55,3400.74,5613.38,81038.9,87644.6
26-Dec-2017 13:52:34,0.0822051,0,12.4952,0,0.616539,0
13-Jan-2018 05:46:31,1111.41,1105.91,3538.36,5930.61,74940.3,68484.9
18-Jan-2018 00:32:48,1321.12,1223.54,3197.2,5484.73,89302.3,85280.8
12-Jan-2018 09:45:19,479.831,334.657,3546.58,5686.21,68305.3,5182.62
03-Jan-2018 10:49:49,1317.91,1216.88,3239.62,5259.4,86425.8,73759.2
19-Jan-2018 19:29:48,0,0,0,0.16441,0.205513,1.43859
12-Jan-2018 23:06:03,0,11.5087,3540.25,6100.77,8304.16,2251.19
28-Mar-2018 13:32:11,0,9.20697,3271.68,5819.05,87777.6,93883.6
01-Nov-2017 18:07:08,0,0,0,0,0,0.616539
13-Dec-2017 00:20:42,396.558,339.343,4769.71,0,84207.9,722.172
18-Jan-2018 21:11:31,0,0.16441,0.904256,0,0,1.02756
31-Mar-2018 13:44:09,869.484,933.357,3125.69,5618.89,164679,68932.5
12-Jan-2018 21:48:14,0.657641,0.739846,0,0.246615,1.6441,0.616539
28-Mar-2018 08:40:15,471.611,443.003,3303.58,5493.52,74262.3,15819.8
23-Dec-2017 13:53:25,1167.56,1093.25,3106.7,5449.46,82687.5,83950.4
26-Dec-2017 16:53:59,0,0,23.3463,0,3.90474,2.46615
13-Dec-2017 10:05:01,360.305,305.474,3263.05,6220.54,84618.9,955.635
22-Feb-2018 23:40:38,0,1220.83,3442.5,5547.37,83479.7,85958.6
16-Jan-2018 09:10:45,1187.21,1111.82,3177.8,5685.55,81949.9,80189.7
13-Dec-2017 01:01:35,0,1.15087,4762.55,0,70987.6,398.078
29-Dec-2017 17:35:50,0,1.06867,0.0822051,0,0,0
19-Jan-2018 11:16:22,1119.72,1150.38,3095.43,5335.2,84452.6,84932.7
31-Mar-2018 05:28:04,0,0.16441,0,0.411026,0.822051,1.6441
03-Jan-2018 14:48:48,1319.72,1229.38,3603.46,5386.57,2424.02,86059.7
01-Nov-2017 06:28:06,0,8.87815,3095.27,6386.76,72269,127307
27-Mar-2018 14:47:51,0,743.052,3352.24,5637.71,84200,94111.5
29-Mar-2018 16:17:23,976.761,1008.66,3328.81,5382.55,91182.8,74083.7
01-Nov-2017 11:16:15,0,10.6867,3307.19,6284.25,85408.1,0
03-Jan-2018 21:53:10,0,0.493231,11.0977,0,2383.13,1911.06
01-Nov-2017 06:50:29,53.5977,1039.73,2991.12,5772.53,83002.7,138563
11-Jan-2018 10:49:53,629.362,372.882,3182.41,5423.73,85048,30670.1
13-Jan-2018 23:52:20,1292.68,1262.75,3175.42,5327.96,125290,83779.4
31-Mar-2018 00:54:10,0,0,0,0,0,0.411026
26-Dec-2017 20:43:07,0,0.16441,0.16441,0,0,0.205513
21-Feb-2018 14:06:35,1216.88,1288.98,3178.63,5314.07,78923.3,83260.4
26-Dec-2017 04:21:16,1348.25,1248.28,3863.07,5795.87,3636.96,73746.6
01-Nov-2017 08:01:39,0,9.78241,3412.33,6536.21,3104.89,1791.66
19-Jan-2018 06:44:14,1206.11,1193.45,3082.36,5683.5,85156.1,82707.8
23-Dec-2017 23:18:54,1323.91,1320.05,3095.27,5572.93,84764,82453.2
13-Dec-2017 00:55:48,376.5,321.175,4957.3,0,76136.1,840.959
01-Nov-2017 12:23:17,0,9.86462,3041.51,6043.89,79753.2,123987
21-Feb-2018 02:39:07,0,9.45359,3356.6,5701.09,87708.6,101782
03-Jan-2018 19:19:13,0,0,0,0.246615,0,0.205513
26-Dec-2017 12:36:11,0,10.1934,3135.55,5852.59,81839.9,2069.51
04-Jan-2018 15:27:39,418.671,245.629,3183.56,5627.52,84596.9,5138.23
17-Jan-2018 21:30:37,0,0.246615,0,1.5619,0.205513,0
31-Mar-2018 05:55:06,1.31528,0,0,0.493231,0,0
21-Feb-2018 08:15:00,679.672,734.421,3676.62,6371.14,13332.2,57481.3
23-Dec-2017 10:24:56,1223.05,1204.31,3104.72,5502.24,85745.1,69042.9
01-Nov-2017 05:26:59,0,1238.91,2875.29,5615.19,87722.7,163138
27-Mar-2018 17:26:40,0,0.246615,0.493231,0.246615,0,0.411026
13-Dec-2017 16:05:49,0,11.6731,3438.15,6390.22,86809.9,0
22-Feb-2018 08:52:49,1145.36,1218.86,3182.08,5476.92,83705.4,82928.7
29-Dec-2017 16:29:54,1226.34,1100.56,3333.42,5585.18,70444.5,76889.3
01-Nov-2017 14:44:47,954.484,922.506,3278.09,5695.91,116515,75409.9
28-Mar-2018 23:22:19,1051.16,1068.5,3423.76,5735.37,136532,83268.5
29-Mar-2018 16:35:25,389.488,293.719,4802.83,0,87914.3,1622.73
12-Jan-2018 11:10:09,419.082,263.221,70.2854,0,4281.65,1020.37
23-Dec-2017 10:41:14,1313.97,1305.01,3177.39,5831.63,84262.7,84160.6
27-Mar-2018 12:53:58,1059.13,1059.95,3242.99,5311.6,85660.2,84181.3
11-Jan-2018 10:50:30,427.384,292.65,3226.55,5423.07,80910.2,3463.71
01-Nov-2017 10:58:04,0,10.8511,3389.07,6554.63,77347.6,0
17-Jan-2018 00:13:35,1332.55,1251.33,3236.74,5712.43,83909.5,85541.4
13-Dec-2017 04:28:39,344.111,287.389,3265.19,5577.37,84269.9,3373.29
13-Dec-2017 01:17:30,0,0.739846,4844.76,0,66019.4,580.985
30-Dec-2017 08:52:03,789.087,906.723,0,6765.89,2093.97,57945
26-Dec-2017 04:57:02,561.297,353.482,3434.12,5426.2,87838.4,21841.7
28-Mar-2018 10:36:08,859.372,936.316,3014.38,5869.61,135691,61205.8
04-Jan-2018 16:27:06,1206.2,1166.08,3221.7,5604.66,99427.3,78098.6
01-Nov-2017 17:32:17,0.822051,0,0.411026,0.493231,0,0.822051
22-Feb-2018 02:34:06,0,1181.62,3388.66,5416.25,85040,99004.6
27-Mar-2018 23:13:14,700.223,692.66,3574.77,6043.8,4863.87,49163.6
11-Jan-2018 18:02:09,0,0,0.904256,0,0.822051,1.23308
23-Dec-2017 00:10:25,1289.06,1197.65,3195.4,5497.96,83755.1,80189.9
03-Jan-2018 07:46:18,0,9.618,3304.81,5814.2,83891.2,8205.72
12-Dec-2017 06:43:57,1129.33,1193.29,3104.89,5550.16,80756.5,79429.5
23-Dec-2017 04:30:23,451.306,307.365,4820.92,0,85054,1508.05
11-Jan-2018 17:10:09,0,0,2.13733,0,0.205513,0.616539
27-Mar-2018 17:11:36,0.16441,0,1.47969,0,0,0
29-Mar-2018 18:31:21,0,1.06867,0,0,0,2.46615
31-Mar-2018 04:15:50,0,1.39749,0,0,0,0.205513
26-Dec-2017 13:16:24,0.328821,0.328821,12.2486,0,0.616539,0
03-Jan-2018 21:28:49,0,0,0.739846,0.575436,0,0
04-Jan-2018 16:29:09,1219.02,1176.93,3400.91,5690.24,120814,83536.4
13-Jan-2018 18:34:41,1211.87,1189.02,3144.35,5556,83439.9,82037.8
28-Mar-2018 11:25:14,949.798,1040.39,3277.19,5697.88,86517.8,78940.8
29-Dec-2017 18:20:29,0.493231,0,0.493231,0,1.02756,0.205513
31-Mar-2018 00:28:30,0.411026,0.739846,0,0.0822051,0,0.616539
16-Jan-2018 15:54:07,0,7.9739,3140.89,5846.18,86591.6,31778
18-Jan-2018 19:59:10,0,0,0.328821,0,0,2.67167
28-Mar-2018 03:57:56,1125.39,1130.73,3307.77,5562.49,85464.8,84750.6
29-Dec-2017 23:14:24,578.642,342.549,3304.65,5852.59,82762.9,5334.29
28-Mar-2018 08:17:37,0,10.8511,3379.12,5825.22,56553.2,10181.7
22-Feb-2018 17:02:26,0,0,0,0,0.205513,0
28-Mar-2018 07:28:49,1036.61,1045.9,3236.91,5529.61,155806,84965.2
12-Dec-2017 19:22:37,0,0,0.16441,0,0,0
23-Dec-2017 04:30:36,464.788,314.352,4732.96,0,73386.6,1205.74
23-Dec-2017 20:28:30,1256.75,1184.66,3156.02,5309.22,153232,83271.8
01-Nov-2017 22:17:35,1204.39,0.0822051,3256.56,5786.75,80746.8,122377
21-Feb-2018 03:54:25,0,11.5087,3432.15,5629.49,89649.6,2082.46
21-Feb-2018 06:31:45,0,10.7689,3193.18,5910.14,86987.6,8496.11
30-Dec-2017 01:25:57,928.918,771.577,3297.91,5884.33,86506.3,52910.7
29-Mar-2018 07:11:40,754.479,919.629,3403.46,5626.78,5727.44,64496.5
28-Mar-2018 23:58:33,980.543,1045.65,3331.03,5781.24,84724.7,85148.5
21-Feb-2018 17:21:03,0,0,0,0.0822051,0,0
17-Jan-2018 18:27:18,0.493231,0,0.0822051,0.575436,0,1.6441
22-Feb-2018 14:03:06,420.808,306.79,3722.41,5815.36,20469.3,4158.96
23-Dec-2017 20:28:31,1300.98,1208.66,3186.93,5575.15,138626,86492.5
31-Mar-2018 08:49:37,1076.56,1178.49,3173.69,5304.04,9090.04,83257.2
21-Feb-2018 02:38:10,0,33.1287,3128.48,5453.24,84083.1,111325
13-Jan-2018 23:52:19,1301.8,1320.71,3090.17,5457.52,160806,84519.8
13-Dec-2017 09:57:41,0,11.0155,3324.87,5967.76,83522.9,1412.7
30-Dec-2017 19:22:03,539.019,320.025,3459.44,6733.59,6888.17,1906.75
23-Dec-2017 18:25:02,1008.99,1021.48,3470.29,5636.48,148305,66673.5
28-Mar-2018 12:57:57,0,10.3578,3251.62,5695.99,85727,53101
31-Mar-2018 08:47:36,1032.66,1088.72,2966.62,5521.97,91314.3,81771.5
29-Mar-2018 00:39:24,1016.71,1066.2,3406.5,5661.55,80855.1,88093.3
13-Dec-2017 20:36:53,0,0.16441,0.657641,0,0,1.84962
01-Nov-2017 12:21:58,0,994.846,3069.13,5641.57,80005.5,131871
26-Dec-2017 18:07:37,0.16441,0.411026,1.6441,0.493231,1.43859,2.05513
12-Dec-2017 21:54:31,0,0,0,0,0.616539,0.205513
31-Mar-2018 03:47:44,0,0.986462,0,0,1.02756,0
27-Mar-2018 15:58:15,71.9295,1175.29,3357.83,5650.53,88756.1,83404.3
18-Jan-2018 08:03:02,0,9.12477,3214.55,5921.48,79343.4,2494.1
17-Jan-2018 18:43:43,0,0,0,0,0,0
19-Jan-2018 19:24:47,0.16441,0,0,0,0.616539,0
17-Jan-2018 05:16:46,618.018,664.464,3485.09,6382.57,3892.62,75716.3
12-Dec-2017 03:15:51,1185.07,1196.82,3345.91,5588.39,126141,76900
27-Mar-2018 19:06:43,0,0,0.575436,0,1.84962,1.23308
04-Jan-2018 09:34:55,0,10.9333,3252.69,6207.72,86660.9,1691.37
04-Jan-2018 06:55:45,0,1076.31,3273.57,5674.7,79606.2,93084
04-Jan-2018 05:49:31,1155.8,1086.09,3155.69,5541.45,83628.5,82593.4
31-Mar-2018 07:20:36,457.636,377.075,3335.56,5427.84,79723.6,25178.2
28-Mar-2018 23:21:30,991.887,997.313,3298.89,5491.96,153319,83845.9
04-Jan-2018 16:27:04,1182.19,1146.27,2976.98,5605.07,138003,79447.2
29-Mar-2018 16:17:24,986.708,983.913,3293.3,5424.22,63552.5192877121,73656
18-Jan-2018 19:45:30,0,0.904256,0,0,0,0
31-Mar-2018 22:12:14,1142.08,1157.28,3443.08,5666.89,74335.4,72633.2
17-Jan-2018 20:24:04,0,0.575436,0,0,1.84962,0
19-Jan-2018 03:19:32,1240.31,1191.32,3359.72,5554.35,85984.5,84339.8
12-Dec-2017 09:41:39,1202.99,1243.93,3354.13,5500.1,82630.3,83855.8
30-Dec-2017 01:23:01,0,9.86462,3365.31,5739.4,80728.9,101749
11-Jan-2018 12:18:16,0,0.739846,4597.82,0,84607.6,756.082
16-Jan-2018 19:41:42,0,0,0,0,0,0
04-Jan-2018 17:03:42,0.16441,0,0.575436,0.904256,1.6441,0
18-Jan-2018 04:47:14,0,8.54933,3384.22,5649.71,91130.8,73735.3
12-Dec-2017 03:18:21,1222.47,1234.56,3510.57,5324.92,91132.4,80639.3
26-Dec-2017 17:23:53,0,0.16441,0.822051,1.15087,0.205513,0
01-Nov-2017 20:43:04,0.0822051,0,0,0,0.822051,0
31-Mar-2018 13:44:13,871.539,957.279,3258.12,5309.22,149361,69571.6
26-Dec-2017 18:03:31,0.16441,0,2.71277,0,0.822051,2.67167
22-Feb-2018 09:16:39,0,11.5909,3401.57,5697.88,85709.5,16355.7
22-Feb-2018 22:57:03,0,1191.73,3286.89,5515.39,89759,93783.9
31-Mar-2018 07:20:32,608.236,431.577,3254.5,5750.99,82761.7,32460.1
12-Jan-2018 17:05:20,0,0.822051,12.1664,0,2.26064,0
01-Nov-2017 02:36:52,386.446,356.935,3152.57,5996.04,91209.7,8154.96
13-Dec-2017 16:25:54,0.246615,10.5223,3490.68,6403.86,6147.92,0
19-Jan-2018 18:10:56,0,0.0822051,0,0.575436,0,0.822051
01-Nov-2017 12:33:43,0,905.736,3249.82,5660.89,70325.1,138332
29-Dec-2017 20:03:40,0.16441,0.16441,1.06867,0,0,0
22-Feb-2018 06:32:31,1149.89,1246.15,3229.92,5331.99,83020.6,84273
26-Dec-2017 02:51:27,0,957.854,3127.17,5778.53,84431.2,99638.8
03-Jan-2018 17:17:30,0,0,0,0.246615,2.87718,0
16-Jan-2018 10:37:10,1188.77,1139.28,3101.02,5724.52,79322.8,82411.7
01-Nov-2017 11:17:55,0,10.1934,3183.89,6651.55,84632.2,0
16-Jan-2018 07:11:49,0,9.78241,3299.47,5923.29,81754.2,0
13-Jan-2018 23:52:24,1315.45,1277.96,3275.05,5652.1,128013,84537.1
28-Mar-2018 08:00:00,905.818,970.843,3154.46,5726.66,139224,67708.1
29-Dec-2017 09:39:10,0,10.4401,3253.6,6244.63,88123.3,2430.6
13-Dec-2017 00:23:32,376.664,319.038,4664.57,0,85716.5,157.834
11-Jan-2018 17:16:03,1.55733733528254,0,0.95205343062539,0,1.02025893245295,0.549031027365818
11-Jan-2018 23:29:08,1272.62,1210.39,3228.03,5829.82,83228.2,80826.8
16-Jan-2018 19:49:58,0,0,0.328821,0.0822051,0,0
29-Dec-2017 18:15:40,0.904256,0,0.411026,0,0,0.411026
03-Jan-2018 15:11:14,1258.81,1229.46,3331.28,5758.39,73880.2,85627.1
30-Dec-2017 17:51:05,1193.95,1155.97,3239.62,5145.05,86144.6,84060.9
19-Jan-2018 08:23:16,1101.14,1082.89,3230.83,5214.02,84280.4,82326
28-Mar-2018 08:39:54,325.697,241.19,3282.78,5309.14,73481.3,17658.1
22-Feb-2018 23:30:00,953.662,995.504,3318.46,5680.87,87890.2,60047.4
13-Dec-2017 01:07:42,0,12.0842,3449.49,5782.8,77337.1,50.5562
26-Dec-2017 03:22:49,1200.52,1108.21,3273.9,5328.87,119059,87818.3
18-Jan-2018 19:43:08,0,0.657641,0,0,0.822051,0
03-Jan-2018 16:48:20,465.692,290.595,3456.4,5785.76,37205,2545.69
30-Dec-2017 12:33:26,1266.62,1160.24,3222.69,5406.71,81857.8,85692.3
31-Mar-2018 08:49:14,1079.19,1120.21,3150.84,5590.85,86813.8,81483.2
12-Jan-2018 03:08:31,1187.45,1157.28,3247.76,5626.61,84731.1,84330.8
23-Dec-2017 18:24:59,1041.62,1032.25,3444.31,5560.93,121281,66773.2
01-Nov-2017 14:07:32,928.754,946.017,3187.92,5787.49,158525,64465.9
31-Mar-2018 17:51:42,0,9.20697,3252.53,5691.06,81842.2,120178
23-Dec-2017 02:19:34,1258.48,1146.27,3217.67,5400.38,71542.7,85506.1
17-Jan-2018 06:23:43,1321.61,1273.93,3390.8,5891.81,88385.1,85626.5
22-Feb-2018 03:59:56,0,10.1934,3412.33,5365.12,88369.9,54813.4
21-Feb-2018 10:13:03,337.945,242.423,3286.15,5803.68,84812.3,6011.87
28-Mar-2018 10:17:38,998.628,1088.31,3358.16,5580.66,84783.5,84428.6
12-Dec-2017 00:20:33,1204.22,1266.62,3339.75,5176.46,82055.7,83581.2
18-Jan-2018 03:40:04,1230.28,1119.88,3313.11,5292.86,87476.5,85849.7
18-Jan-2018 08:02:35,0,10.1934,3297.41,5851.85,84272,5467.05
21-Feb-2018 05:25:01,1186.8,1185.15,3271.19,5317.19,83050.4,83692.8
16-Jan-2018 17:45:01,1.39749,0,0.0822051,0,0.205513,1.43859
17-Jan-2018 13:59:57,1309.53,1266.21,3433.38,5518.76,1362.34,86389.8
12-Jan-2018 11:58:48,1094.97,1101.22,3177.39,5475.03,150634,72472.5
22-Feb-2018 22:25:06,1241.79,1276.48,3314.02,5621.76,83995.1,80333.1
13-Jan-2018 12:13:00,0,10.2756,3211.75,5766.85,85716.5,8556.32
27-Mar-2018 09:36:33,0,11.4265,3324.87,6800.17,71892.3,608.112
28-Mar-2018 23:05:18,1085.27,1080.92,3364.9,5430.88,83706.2,82170.8
13-Dec-2017 00:26:33,395.324,333.671,4731.4,0,86600.9,363.347
16-Jan-2018 09:34:09,0,1096.53,3348.95,5556.57,81773.1,85036.7
31-Mar-2018 05:53:15,0,0,0,0,1.23308,0
31-Mar-2018 05:17:00,0,0,0,0,1.43859,0.822051
01-Nov-2017 05:26:58,24.7437,1242.2,2965.96,5813.3,88426.8,133764
31-Mar-2018 11:06:30,1037.1,1042.69,3266.75,5578.19,163594,82318.2
01-Nov-2017 19:44:08,0.739846,0.575436,0,0,0.411026,0
28-Mar-2018 08:00:01,881.321,972.322,3127.74,5839.69,127281,68971.8
01-Nov-2017 01:14:12,1167.31,1226.66,3202.47,5732.57,86051.9,85786.2
27-Mar-2018 10:25:05,418.424,311.475,3142.46,6623.02,86856.9,1576.08
29-Mar-2018 00:56:47,412.588,299.144,4971.6,0,53063.4,1599.92
28-Mar-2018 12:57:22,0,9.86462,3282.37,5656.29,86125.9,4835.31
30-Dec-2017 15:24:08,1273.19,1160.65,3250.06,5237.21,82953.4,84112.7
29-Dec-2017 13:25:08,1271.88,1151.45,3263.38,5352.71,69643.4,119452
31-Mar-2018 22:03:05,517.564,0,3584.64,5754.77,5055.82,14344.8
01-Nov-2017 07:24:52,1005.12,992.463,3376.25,5926.09,19312,76635.7
26-Dec-2017 03:22:48,1175.53,1125.63,3293.3,5570.06,72594.1,85618.1
13-Dec-2017 10:14:33,1199.7,1219.35,3495.53,5530.51,3412.34,74116.8
29-Mar-2018 02:35:45,1106.32,1143.47,3174.84,5451.6,85660.8,83721
01-Nov-2017 06:20:48,511.398,568.448,3238.39,6207.39,152706,86533.2
29-Dec-2017 22:51:15,0,11.7553,3443.24,6296.58,86814,1855.37
04-Jan-2018 12:37:23,0,9.5358,3245.95,5574.91,86120.6,4650.14
12-Dec-2017 20:20:38,0,0.493231,0,0.411026,0,0
03-Jan-2018 17:52:24,0.0822051,0.246615,0.493231,0.411026,0,0
28-Mar-2018 05:47:16,1132.38,1162.46,3193.01,5323.11,85286.4,84419.1
26-Dec-2017 03:09:34,1139.03,1112.56,3312.62,5626.86,99596.9,86084.8
22-Feb-2018 13:44:12,0,22.031,3280.97,5717.61,84440.9,144134
27-Mar-2018 09:16:26,0,1.23308,4744.96,0,87444.7,0
19-Jan-2018 15:26:57,0,1020.91,3249.49,5664.43,82785.1,83253.5
12-Jan-2018 17:49:42,0,0,1.39749,0,1.43859,0.205513
12-Dec-2017 15:19:26,1072.12,1175.53,3115.82,5211.97,85725.2,80786.9
12-Jan-2018 11:29:23,1179.15,1189.18,3702.93,5904.63,65603.8,82197.5
01-Nov-2017 07:02:57,1087.74,1017.12,3205.75,5973.02,108217,73600.5
28-Mar-2018 08:14:40,905.407,882.308,3167.94,5294.09,124992,80209.6
01-Nov-2017 06:08:10,0,0.328821,5255.79,0,2991.44,3703.55
29-Dec-2017 17:21:36,0,0,1.23308,0.328821,0,0
12-Dec-2017 08:01:15,940.427,1022.22,3304.81,5748.28,83909.7,56520.3
11-Jan-2018 12:26:02,630.431,703.018,0,6365.72,1798.44,23876.9
26-Dec-2017 17:02:40,0.822051,0.575436,0.246615,0,1.23308,0.411026
11-Jan-2018 09:48:48,0,0.575436,10.6867,0,2543.43,1555.12
31-Mar-2018 05:14:30,0,0.411026,0,0,0.822051,1.02756
04-Jan-2018 13:09:55,1132.62,1065.38,3179.53,5605.49,125398,78617.5
12-Dec-2017 05:58:48,1132.13,1219.27,3343.94,5346.13,81356.2,84090.3
