-2.685583703830980230e+05,2.699770704397651716e+05,1.104696198462750763e+05,-2.120404835951367568e+05,2.466405837000489992e+05,-2.563552748304511770e+05
-2.631018758235246059e+05,2.408257063634603401e+05,1.078810193761213595e+05,-2.134038807275835425e+05,1.693905264897116867e+05,-2.546864703438141732e+05
-2.690799519222051022e+05,2.701903766705981106e+05,1.667842098147292854e+05,-1.931933572636942845e+05,2.448747439992670843e+05,-2.458148819731638650e+05
-2.684045423506221850e+05,2.697218767819050117e+05,1.072642106209287158e+05,-2.126464382001993654e+05,2.425089399934337998e+05,-2.555303892673155060e+05
-2.685554709174556192e+05,2.699759308782187290e+05,1.101834681962249742e+05,-2.121153502001130255e+05,2.466480988800106279e+05,-2.563899871926933120e+05
-2.689679397109847632e+05,2.701431390236655134e+05,1.538249136788104370e+05,-1.984778521474614972e+05,2.453416059156101255e+05,-2.491218480769917369e+05
-2.690568941461975337e+05,2.701805834502513171e+05,1.640685977645492239e+05,-1.943666929493559874e+05,2.449763802856206894e+05,-2.465719107783212385e+05
-2.631018758235246059e+05,2.408257063634603401e+05,1.078810193761213595e+05,-2.134038807275835425e+05,1.693905264897116867e+05,-2.546864703438141732e+05
-2.638345100854390184e+05,2.678536145595586859e+05,8.836621826350405172e+04,-2.015939819091072713e+05,2.438114462037699413e+05,-2.604758139504729770e+05
-2.696720510686293128e+05,2.704316625515507185e+05,1.865493056458136125e+05,-1.826982952236036945e+05,2.426597549784930015e+05,-2.386046869707425067e+05
-2.693829517701810692e+05,2.703237623332177172e+05,2.077524516932670667e+05,-1.685123923948237498e+05,2.430073593180940952e+05,-2.271428046037910972e+05
-2.690240222223011660e+05,2.701432796813237364e+05,1.111797152622340072e+05,-2.106456952688739693e+05,2.458811249841779063e+05,-2.567699911363486608e+05
-2.685404779532688553e+05,2.699700463993347948e+05,1.087084799081305391e+05,-2.124989484286581574e+05,2.466866498082833423e+05,-2.565669148658917984e+05
-2.689884532740417635e+05,2.701517278318906901e+05,1.561567533249091066e+05,-1.975824051883592037e+05,2.452608567706261820e+05,-2.485801797213578539e+05
-2.690042048796800082e+05,2.701583413796590175e+05,1.579592015364725958e+05,-1.968746551992776513e+05,2.451975043493153062e+05,-2.481466110621102271e+05
-2.696402650187367690e+05,2.704169462829511031e+05,1.825008287734371261e+05,-1.849231183670443716e+05,2.428893022888255073e+05,-2.403416375014546793e+05
-2.690802029363606707e+05,2.701904834882968571e+05,1.668139244927362306e+05,-1.931803052810713998e+05,2.448736199475727917e+05,-2.458063887393714685e+05
-2.690251144129851600e+05,2.701437476797957788e+05,1.112967704735023144e+05,-2.106157793646067730e+05,2.458772657050220878e+05,-2.567550112656525744e+05
-2.692407278650978114e+05,2.702598051001420245e+05,1.867008058604709513e+05,-1.831893153981878131e+05,2.440555632746855263e+05,-2.388532600281201012e+05
-2.669926042328156764e+05,2.623154916490871692e+05,9.040613119809808268e+04,-2.188113317460970138e+05,1.790964355377850297e+05,-2.600648274998023116e+05
-2.692215276467708172e+05,2.702513949277519132e+05,1.842024864711747505e+05,-1.846045306845049781e+05,2.441662865738975815e+05,-2.398915913188086997e+05
-2.692652024181252928e+05,2.702705826643921318e+05,1.899558152473958326e+05,-1.812605135678900697e+05,2.439073964077814016e+05,-2.374108833017410652e+05
-2.689043063378034858e+05,2.701166665317449952e+05,1.466972897124057636e+05,-2.010844764575202134e+05,2.455804126248295943e+05,-2.506544635177927266e+05
-2.692827186805623933e+05,2.702783395265794243e+05,1.923434750219576526e+05,-1.797793912458895938e+05,2.437957622146619833e+05,-2.362823719117213623e+05
-2.690453045684041572e+05,2.701524095578429406e+05,1.134668410630129802e+05,-2.100565990556830366e+05,2.458052936153356277e+05,-2.564731853037434630e+05
-2.691872580281280680e+05,2.702364722366505885e+05,1.798420261097431649e+05,-1.869514446886552323e+05,2.443536544275665656e+05,-2.415754269412464055e+05
-2.684478092246531160e+05,2.699339792546282988e+05,9.976739261297353369e+04,-2.147462184799738461e+05,2.469138470173014211e+05,-2.575718921735732874e+05
-2.685568114495670889e+05,2.699764576771566062e+05,1.103157304179611383e+05,-2.120807643250624242e+05,2.466446267558557156e+05,-2.563739585967600578e+05
-2.631018758235246059e+05,2.408257063634603401e+05,1.078810193761213595e+05,-2.134038807275835425e+05,1.693905264897116867e+05,-2.546864703438141732e+05
-2.631018758235246059e+05,2.408257063634603401e+05,1.078810193761213595e+05,-2.134038807275835425e+05,1.693905264897116867e+05,-2.546864703438141732e+05
-2.631018758235246059e+05,2.408257063634603401e+05,1.078810193761213595e+05,-2.134038807275835425e+05,1.693905264897116867e+05,-2.546864703438141732e+05
-2.685086222663952503e+05,2.699575888962376630e+05,1.056007074746353319e+05,-2.132948692860931624e+05,2.467668672889189329e+05,-2.569290351111386262e+05
-2.631018951989366906e+05,2.408257193367601722e+05,1.078813982986853371e+05,-2.134037501348847873e+05,1.693904141920869297e+05,-2.546864603972077020e+05
-2.687094527083795983e+05,2.700371505099157221e+05,1.257826957712306757e+05,-2.078002014598151436e+05,2.462202915381226339e+05,-2.542937301522944763e+05
-2.690714686556542292e+05,2.701867692829446751e+05,1.657819249142902845e+05,-1.936308657475137734e+05,2.449125059457890457e+05,-2.460986619488685974e+05
-2.679360684806942008e+05,2.697445871309891809e+05,5.605044110489042941e+04,-2.242772112203919096e+05,2.478799374191660609e+05,-2.612018999252413923e+05
-2.690920873329142923e+05,2.701955459741271916e+05,1.682246711737898004e+05,-1.925551584814011876e+05,2.448199501472931297e+05,-2.453977397376668523e+05
-2.690548616034764564e+05,2.701797219522098894e+05,1.638305033815781935e+05,-1.944677710558773542e+05,2.449851901218669955e+05,-2.466365233950724069e+05
-2.696652356882739696e+05,2.704285004722730955e+05,1.856751933597143798e+05,-1.831905552580791118e+05,2.427101636395027454e+05,-2.389929768675873056e+05
-2.691650910215586773e+05,2.702268751369185629e+05,1.770782720577238942e+05,-1.883647895392269711e+05,2.444687478447665344e+05,-2.425661264768718102e+05
-2.690021874890485778e+05,2.701339358420980279e+05,1.088468635482602258e+05,-2.112367671755009214e+05,2.459575583718516282e+05,-2.570639225953739951e+05
-2.690473521474627778e+05,2.701765415136610391e+05,1.629525860412506736e+05,-1.948380445603327535e+05,2.450175361064586905e+05,-2.468723956370363303e+05
-2.631019533245576895e+05,2.408257582562586467e+05,1.078825350613691844e+05,-2.134033583565060108e+05,1.693900772991653939e+05,-2.546864305566515832e+05
-2.610264089857281942e+05,2.645386762214700575e+05,9.597095616051234538e+04,-2.038555550978611573e+05,2.319960001667772303e+05,-2.601706508902506903e+05
-2.631018758235246059e+05,2.408257063634603401e+05,1.078810193761213595e+05,-2.134038807275835425e+05,1.693905264897116867e+05,-2.546864703438141732e+05
-2.631019920746474527e+05,2.408257842023829289e+05,1.078832929026725906e+05,-2.134030971694138134e+05,1.693898527027520468e+05,-2.546864106622367690e+05
-2.690520633760415949e+05,2.701785363821639912e+05,1.635030472582234943e+05,-1.946063249295317801e+05,2.449972802693613048e+05,-2.467249360283808492e+05
-2.690515525494075846e+05,2.701783200100919348e+05,1.634433101777753909e+05,-1.946315437057565432e+05,2.449994825857895485e+05,-2.467410089939202298e+05
-2.690248678877442726e+05,2.701670417959554470e+05,1.603399685309453052e+05,-1.959179765496321779e+05,2.451125334549839899e+05,-2.475529559887304204e+05
-2.641324036583388806e+05,2.680199033417828032e+05,4.400809539080349350e+04,-2.147163909791822371e+05,2.458766948521310405e+05,-2.634575201937577804e+05
-2.689180461876385962e+05,2.700981477914712159e+05,9.998943996892367431e+04,-2.133970112532901985e+05,2.462398235979802557e+05,-2.581050714057087025e+05
-2.693667210636526579e+05,2.703162336231024237e+05,2.049242463471412775e+05,-1.708432269282110792e+05,2.431616534526970645e+05,-2.291095452214406978e+05
-2.692066442653335398e+05,2.702449006196493865e+05,1.822944307542523893e+05,-1.856499746919048484e+05,2.442491724325192918e+05,-2.406475825778263097e+05
-2.693254414475510712e+05,2.702974410109858727e+05,1.984418911456402566e+05,-1.757082723667010432e+05,2.434984956963268050e+05,-2.330899018488718430e+05
-2.690520686953807017e+05,2.701785386353835347e+05,1.635036693790830905e+05,-1.946060622004327306e+05,2.449972573284546088e+05,-2.467247685488538991e+05
-2.690266411966705928e+05,2.701444019969780929e+05,1.114604609317887371e+05,-2.105739029602092342e+05,2.458718649696222565e+05,-2.567340257056484115e+05
-2.693323536776009714e+05,2.703005605466425768e+05,1.994766453582759423e+05,-1.749719217346392397e+05,2.434462273124202329e+05,-2.324987150766723789e+05
-2.669920492432101164e+05,2.623155211073214305e+05,9.037290042587304197e+04,-2.188207644080468745e+05,1.791065790277664491e+05,-2.600666912390895886e+05
-2.693246945898440899e+05,2.702971044989765505e+05,1.983310471534797980e+05,-1.757863134076316201e+05,2.435040621764085372e+05,-2.331523159051345137e+05
-2.689789221141783055e+05,2.701477338638065848e+05,1.550711680544314440e+05,-1.980020525057988707e+05,2.452986168741083529e+05,-2.488349900127356523e+05
-2.670125861862562597e+05,2.623144054598906077e+05,9.160745974817505339e+04,-2.184691367255346850e+05,1.787284876959708927e+05,-2.599968238554778800e+05
-2.670276462419488817e+05,2.623135536037702695e+05,9.251915890019485960e+04,-2.182078725754580228e+05,1.784476097467820509e+05,-2.599443936535185494e+05
-2.696267526468606666e+05,2.704107135404971195e+05,1.807997191463929485e+05,-1.858179510115387675e+05,2.429828771663698135e+05,-2.410270792046053975e+05
-2.677286069166191155e+05,2.696200469477254665e+05,9.242507156682939967e+04,-2.166767303123029706e+05,2.472991105580095027e+05,-2.553588235364438733e+05
-2.692166629561366281e+05,2.702492699092198745e+05,1.835762489841594070e+05,-1.849509338153455174e+05,2.441936475613985967e+05,-2.401431316312431591e+05
-2.686132847597688669e+05,2.699987490551955416e+05,1.159443817762841209e+05,-2.105789424953561102e+05,2.464944842840395868e+05,-2.556658137046720658e+05
-2.690470524008675711e+05,2.701764146437837044e+05,1.629175997850339918e+05,-1.948527220179376309e+05,2.450188206610624329e+05,-2.468817189386717218e+05
-2.695990128626078949e+05,2.703979588769295951e+05,1.773391920355113980e+05,-1.875713265843094268e+05,2.431683266082871414e+05,-2.423478149034973467e+05
-2.631018758235246059e+05,2.408257063634603401e+05,1.078810193761213595e+05,-2.134038807275835425e+05,1.693905264897116867e+05,-2.546864703438141732e+05
-2.677971340221306891e+05,2.696564787728540250e+05,1.200011541686646960e+05,-2.047647541398704634e+05,2.477475094518929545e+05,-2.557578107998266642e+05
-2.696485795952319168e+05,2.704207882022709236e+05,1.835531539407673408e+05,-1.843580562953410845e+05,2.428305826052535849e+05,-2.399048808511351817e+05
-2.696903358722933335e+05,2.704401651348451269e+05,1.889130313947944378e+05,-1.813321827067196427e+05,2.425209893393174862e+05,-2.375154786881369364e+05
-2.638554518323139055e+05,2.678665117468459648e+05,8.391017809479683638e+04,-2.030483270813997369e+05,2.440350562832122087e+05,-2.608454956511738419e+05
-2.693359950058863615e+05,2.703022077521950123e+05,2.000285765054778312e+05,-1.745732656758031808e+05,2.434181209272214910e+05,-2.321769382130292943e+05
-2.690780896204175078e+05,2.701895843178310897e+05,1.665638577579665580e+05,-1.932899987013887148e+05,2.448830713469035982e+05,-2.458777195626217581e+05
-2.692912168826882262e+05,2.702821172284558997e+05,1.935224367901271326e+05,-1.790258726078296022e+05,2.437396824564530398e+05,-2.357013937414471584e+05
-2.675997689975462854e+05,2.695776124009324703e+05,9.772554981242242502e+04,-2.108203229771612969e+05,2.483795515934960858e+05,-2.583526374310996616e+05
-2.631018758235246059e+05,2.408257063634603401e+05,1.078810193761213595e+05,-2.134038807275835425e+05,1.693905264897116867e+05,-2.546864703438141732e+05
-2.631019339496418252e+05,2.408257452832855633e+05,1.078821561449968140e+05,-2.134034889480751008e+05,1.693901895957209344e+05,-2.546864405035295931e+05
-2.696718822840336361e+05,2.704315841961512924e+05,1.865276148208689992e+05,-1.827105929613112821e+05,2.426610116715770273e+05,-2.386144145350484177e+05
-2.688737178585989168e+05,2.701040311207298073e+05,1.433252566898489022e+05,-2.022548984310901433e+05,2.456894294943302521e+05,-2.513210377010904485e+05
-2.631018758235246059e+05,2.408257063634603401e+05,1.078810193761213595e+05,-2.134038807275835425e+05,1.693905264897116867e+05,-2.546864703438141732e+05
-2.631018758235246059e+05,2.408257063634603401e+05,1.078810193761213595e+05,-2.134038807275835425e+05,1.693905264897116867e+05,-2.546864703438141732e+05
-2.631018758235246059e+05,2.408257063634603401e+05,1.078810193761213595e+05,-2.134038807275835425e+05,1.693905264897116867e+05,-2.546864703438141732e+05
-2.686709443966243998e+05,2.700217068453918910e+05,1.218050088108067721e+05,-2.089487811893390026e+05,2.463330221229834424e+05,-2.548705319264737482e+05
-2.692369372858136776e+05,2.702581417410350987e+05,1.862040287652599218e+05,-1.834750689028078632e+05,2.440777829364420904e+05,-2.390642892079063749e+05
-2.690906405603319872e+05,2.701949291400907096e+05,1.680525184328691394e+05,-1.926320262224969629e+05,2.448265315466915490e+05,-2.454481822868793970e+05
-2.692245443855664926e+05,2.702527138754425687e+05,1.845921501772427000e+05,-1.843873349861072202e+05,2.441491831568446942e+05,-2.397333484559495409e+05
-2.631018758235246059e+05,2.408257063634603401e+05,1.078810193761213595e+05,-2.134038807275835425e+05,1.693905264897116867e+05,-2.546864703438141732e+05
-2.687065552022215561e+05,2.700097614053469733e+05,7.870908823346634745e+04,-2.181263352320800477e+05,2.468726985176212620e+05,-2.602007230456442630e+05
-2.697217869278668659e+05,2.704548604634054936e+05,1.930535456303971587e+05,-1.788062849594486470e+05,2.422687631168793596e+05,-2.354575511171636172e+05
-2.690656985123032355e+05,2.701611790583194816e+05,1.156706561773727881e+05,-2.094796216949126101e+05,2.457313594632748864e+05,-2.561787604229047138e+05
-2.685151628309364896e+05,2.699601416180026135e+05,1.062358819581584976e+05,-2.131335254905460461e+05,2.467505822083988169e+05,-2.568561737572844140e+05
-2.690104056888697669e+05,2.701609493412278243e+05,1.586716765097515308e+05,-1.965910121127744205e+05,2.451722318470136670e+05,-2.479715080845293996e+05
-2.688769064933520276e+05,2.700807772500503925e+05,9.573735577367219958e+04,-2.143905072759177710e+05,2.463711372506036423e+05,-2.585663503933114407e+05
-2.691904686409639544e+05,2.702378657622009632e+05,1.802457766669212724e+05,-1.867403267696812109e+05,2.443366080835879256e+05,-2.414259253488876275e+05
-2.692787960400125594e+05,2.702765990558213089e+05,1.918040296771650610e+05,-1.801191868975881953e+05,2.438212086073767568e+05,-2.365428576049258409e+05
-2.690855504314193386e+05,2.701927601505986531e+05,1.674477541338696901e+05,-1.929007713865501864e+05,2.448495807139298995e+05,-2.456241095970710448e+05
-2.690337993776638759e+05,2.701708113127680263e+05,1.613749725704035955e+05,-1.954940171447533648e+05,2.450751227728571685e+05,-2.472870954165497678e+05
-2.684044390798266977e+05,2.698876561036091880e+05,5.098188444468768284e+04,-2.235579595474020171e+05,2.476177066440047929e+05,-2.622858267105281120e+05
-2.683460822781663737e+05,2.698949953635530546e+05,9.030543344305593928e+04,-2.169933676118526200e+05,2.471427367477664666e+05,-2.585220000639773498e+05
-2.675570431215030840e+05,2.695608496016973513e+05,9.308791506619239226e+04,-2.119680505940422881e+05,2.485057666295375675e+05,-2.588098554434322286e+05
-2.686329200702491216e+05,2.700065446228492656e+05,1.179272910489390779e+05,-2.100353035946264572e+05,2.464404553843131580e+05,-2.554036602980511962e+05
-2.670176175463409163e+05,2.623141240647026571e+05,9.191144572279874410e+04,-2.183821756764453021e+05,1.786349933802502928e+05,-2.599794214005853864e+05
-2.692124769244607305e+05,2.702474431685922318e+05,1.830394111002186837e+05,-1.852453157655628165e+05,2.442169797362775134e+05,-2.403560831142133975e+05
-2.690588738466786454e+05,2.701814228250720771e+05,1.643006982231655857e+05,-1.942678861508836271e+05,2.449677767277817475e+05,-2.465086574661188060e+05
-2.690656865096417605e+05,2.701843134070171509e+05,1.651009110356184246e+05,-1.939251409311548341e+05,2.449379960846739705e+05,-2.462885330968607450e+05
-2.690401968693616800e+05,2.701735146622993634e+05,1.621185956609137356e+05,-1.951863047919751261e+05,2.450480642618094280e+05,-2.470930678438575706e+05
-2.631018758235246059e+05,2.408257063634603401e+05,1.078810193761213595e+05,-2.134038807275835425e+05,1.693905264897116867e+05,-2.546864703438141732e+05
-2.683268033631402068e+05,2.698876800178490812e+05,8.855451497318073234e+04,-2.173959714084476582e+05,2.471838472671510826e+05,-2.586863174795862578e+05
-2.689737848145781318e+05,2.701455835451802122e+05,1.544875895503642096e+05,-1.982256365710043756e+05,2.453187946462448745e+05,-2.489700595632130862e+05
-2.690644890662131947e+05,2.701838051035556709e+05,1.649600906631930848e+05,-1.939856932096318342e+05,2.449432501859528711e+05,-2.463275020667452482e+05
-2.677813046580085647e+05,2.696379530860469677e+05,9.552327053853168036e+04,-2.159047761231876211e+05,2.472136857582757948e+05,-2.550676195474684064e+05
-2.631018758235246059e+05,2.408257063634603401e+05,1.078810193761213595e+05,-2.134038807275835425e+05,1.693905264897116867e+05,-2.546864703438141732e+05
-2.638241858139414690e+05,2.678470635267799371e+05,9.075057020457499311e+04,-2.008004286884247267e+05,2.436898773886686540e+05,-2.602700590099132096e+05
-2.631020889488628600e+05,2.408258490670499450e+05,1.078851875066888606e+05,-2.134024441955638758e+05,1.693892912070271268e+05,-2.546863609236475895e+05
-2.689812082867293502e+05,2.701249801067038788e+05,1.066185891694801248e+05,-2.117924322529497731e+05,2.460297286249224562e+05,-2.573367044952587748e+05
-2.696089299346806947e+05,2.704025125920222490e+05,1.785717471873658651e+05,-1.869567433185693517e+05,2.431030071523269871e+05,-2.418882736058601586e+05
-2.690644157977466239e+05,2.701837740050237626e+05,1.649514765840036271e+05,-1.939893939400472154e+05,2.449435713973296515e+05,-2.463298825939451926e+05
-2.642395343801332056e+05,2.680772371753551997e+05,3.234604038423263410e+04,-2.177720906530451903e+05,2.463767776229838782e+05,-2.640313582778828568e+05
-2.631018758235246059e+05,2.408257063634603401e+05,1.078810193761213595e+05,-2.134038807275835425e+05,1.693905264897116867e+05,-2.546864703438141732e+05
-2.697215379558092682e+05,2.704547437565984437e+05,1.930203370996128360e+05,-1.788272642200742266e+05,2.422708348674957524e+05,-2.354748737826849683e+05
-2.631018758235246059e+05,2.408257063634603401e+05,1.078810193761213595e+05,-2.134038807275835425e+05,1.693905264897116867e+05,-2.546864703438141732e+05
-2.696336778953886242e+05,2.704139062268768903e+05,1.816702009601992904e+05,-1.853628733660604630e+05,2.429351986054530717e+05,-2.406794445638803008e+05
-2.689933855453398428e+05,2.701301757850371650e+05,1.079103973889635236e+05,-2.114713360218564048e+05,2.459879872261385026e+05,-2.571794940693575772e+05
-2.692434986172456411e+05,2.702610219048397848e+05,1.870650999703520793e+05,-1.829783586865599209e+05,2.440392041622143879e+05,-2.386970248978223244e+05
-2.634502727950344561e+05,2.675853050806917599e+05,9.425852385203294398e+04,-2.106971977910470741e+05,2.461844633362616878e+05,-2.600085755391683488e+05
-2.631019339496418252e+05,2.408257452832855633e+05,1.078821561449968140e+05,-2.134034889480751008e+05,1.693901895957209344e+05,-2.546864405035295931e+05
-2.690432313638509368e+05,2.701747978996250313e+05,1.624719869825674105e+05,-1.950391450551336166e+05,2.450351519501503208e+05,-2.469999606949061563e+05
-2.631018758235246059e+05,2.408257063634603401e+05,1.078810193761213595e+05,-2.134038807275835425e+05,1.693905264897116867e+05,-2.546864703438141732e+05
-2.682620832937274827e+05,2.698632936947502894e+05,8.277631622836232418e+04,-2.186978969849141722e+05,2.473168370204741368e+05,-2.592051633202812809e+05
-2.631018758235246059e+05,2.408257063634603401e+05,1.078810193761213595e+05,-2.134038807275835425e+05,1.693905264897116867e+05,-2.546864703438141732e+05
-2.696570091519259731e+05,2.704246886293285643e+05,1.846246810030911001e+05,-1.837733077159069362e+05,2.427701180425882339e+05,-2.394497415724557068e+05
-2.697111849013470346e+05,2.704498962074607844e+05,1.916459281263833400e+05,-1.796850153227624542e+05,2.423558714565208356e+05,-2.361798527908996621e+05
-2.690019431431898265e+05,2.701338314100326388e+05,1.088208361119233596e+05,-2.112433072595313133e+05,2.459584060303914011e+05,-2.570671531712975702e+05
-2.690698754143966362e+05,2.701860923451043200e+05,1.655941038911183423e+05,-1.937122654832367552e+05,2.449195494898835314e+05,-2.461512632611407607e+05
-2.631018758235246059e+05,2.408257063634603401e+05,1.078810193761213595e+05,-2.134038807275835425e+05,1.693905264897116867e+05,-2.546864703438141732e+05
-2.692572714044006425e+05,2.702670827773796045e+05,1.888914754608978983e+05,-1.819022754929843650e+05,2.439563447869876691e+05,-2.378942494485006901e+05
-2.696910706823581131e+05,2.704405074289221084e+05,1.890086299676373310e+05,-1.812758203265704215e+05,2.425152997534911847e+05,-2.374701768918319722e+05
-2.669729197155018337e+05,2.692474189548912691e+05,1.007723844788092829e+05,-2.226634646479331714e+05,2.420608658570143743e+05,-2.522907249949366960e+05
-2.690672262355819694e+05,2.701849671531147324e+05,1.652820910531918344e+05,-1.938470844624435122e+05,2.449312277110828436e+05,-2.462382485879078740e+05
-2.631018758235246059e+05,2.408257063634603401e+05,1.078810193761213595e+05,-2.134038807275835425e+05,1.693905264897116867e+05,-2.546864703438141732e+05
-2.642398226738552330e+05,2.680773920824027155e+05,3.231590571279545475e+04,-2.177798285780640144e+05,2.463780553001460794e+05,-2.640327474431925802e+05
-2.690657387559633353e+05,2.701843355873636901e+05,1.651070569017374655e+05,-1.939224959154929093e+05,2.449377666479902109e+05,-2.462868300916940498e+05
-2.690600328764503356e+05,2.701819143688245676e+05,1.644366733612072421e+05,-1.942098746594830591e+05,2.449627292337523540e+05,-2.464714775292536069e+05
-2.631018758235246059e+05,2.408257063634603401e+05,1.078810193761213595e+05,-2.134038807275835425e+05,1.693905264897116867e+05,-2.546864703438141732e+05
-2.691733520250915317e+05,2.702304468303336180e+05,1.781035345020140521e+05,-1.878468366947730246e+05,2.444263721944165300e+05,-2.422051193379916367e+05
-2.695903462204894749e+05,2.703939847665594425e+05,1.762659581564771070e+05,-1.880978832819057279e+05,2.432245634096941794e+05,-2.427385964541453286e+05
-2.682607963113251026e+05,2.696680379559707362e+05,9.669761548255936941e+04,-2.156410623016951431e+05,2.427878347989637987e+05,-2.565954179435645055e+05
-2.631018758235246059e+05,2.408257063634603401e+05,1.078810193761213595e+05,-2.134038807275835425e+05,1.693905264897116867e+05,-2.546864703438141732e+05
-2.685913644535099156e+05,2.699900737271779799e+05,1.137464595686263783e+05,-2.111724924918290053e+05,2.465536728051638638e+05,-2.559485144782538700e+05
-2.631018758235246059e+05,2.408257063634603401e+05,1.078810193761213595e+05,-2.134038807275835425e+05,1.693905264897116867e+05,-2.546864703438141732e+05
-2.690555366760840407e+05,2.701568068811030244e+05,1.145710665816361725e+05,-2.097686705353776924e+05,2.457683565058872919e+05,-2.563267190309380821e+05
-2.675836246904398431e+05,2.695712652437197394e+05,9.596520294271738385e+04,-2.112600250492991763e+05,2.484276458146854129e+05,-2.585291237979993166e+05
-2.696212628857801319e+05,2.704081850944969920e+05,1.801116199387384113e+05,-1.861735898924118956e+05,2.430202673683382745e+05,-2.412973697684812360e+05
-2.685901316265632631e+05,2.699895866756374598e+05,1.136233398686815053e+05,-2.112054667300485307e+05,2.465569669019773137e+05,-2.559641116150083253e+05
-2.688947635007278877e+05,2.701127183997151442e+05,1.456416194442071428e+05,-2.014549955763855542e+05,2.456148054227930261e+05,-2.508669369757959794e+05
-2.669930218253160710e+05,2.623154694585701800e+05,9.043113995859546412e+04,-2.188042317636153603e+05,1.790888005458422995e+05,-2.600634242764363007e+05
-2.692532994671072811e+05,2.702653327186024399e+05,1.883620120144684915e+05,-1.822174508270452206e+05,2.439805117813790275e+05,-2.381303801636623393e+05
-2.641056229891369003e+05,2.680055784053758252e+05,4.710736151444730785e+04,-2.138820800130160060e+05,2.457416347531816573e+05,-2.632923986451721867e+05
-2.690444086234346614e+05,2.701752959116629791e+05,1.626092058410437894e+05,-1.949818418913319765e+05,2.450301288902907982e+05,-2.469636500941747217e+05
-2.631018758235246059e+05,2.408257063634603401e+05,1.078810193761213595e+05,-2.134038807275835425e+05,1.693905264897116867e+05,-2.546864703438141732e+05
-2.692895938024601201e+05,2.702813949568608077e+05,1.932961358146053681e+05,-1.791716875601482170e+05,2.437504970066455135e+05,-2.358141771586325485e+05
-2.686202853946212563e+05,2.700015257709241705e+05,1.166498278247288254e+05,-2.103864366765493760e+05,2.464753319908207050e+05,-2.555733354488863552e+05
-2.678501294290459482e+05,2.697144804811844369e+05,4.967455779071848519e+04,-2.255232434349685791e+05,2.480015485310631047e+05,-2.615942243853631080e+05
-2.690750369350534747e+05,2.701882860239084694e+05,1.662030524184334208e+05,-1.934476838405955932e+05,2.448966756059983163e+05,-2.459800620528103900e+05
-2.631021083236811101e+05,2.408258620399721840e+05,1.078855664305193350e+05,-2.134023135987462592e+05,1.693891789062191674e+05,-2.546863509754161933e+05
-2.631019920746474527e+05,2.408257842023829289e+05,1.078832929026725906e+05,-2.134030971694138134e+05,1.693898527027520468e+05,-2.546864106622367690e+05
-2.696705013211471378e+05,2.704309431951855076e+05,1.863502282707355334e+05,-1.828110047325368505e+05,2.426712776794318052e+05,-2.386937885720185877e+05
-2.697269653523722081e+05,2.704572893200977123e+05,1.937460148878596665e+05,-1.783660254347800801e+05,2.422253757431284175e+05,-2.350931531633274572e+05
-2.691835782832960831e+05,2.702348761996332905e+05,1.793803951462131809e+05,-1.871913467349520361e+05,2.443730708647769643e+05,-2.417448352596282784e+05
-2.631018758235246059e+05,2.408257063634603401e+05,1.078810193761213595e+05,-2.134038807275835425e+05,1.693905264897116867e+05,-2.546864703438141732e+05
-2.689133775402750471e+05,2.701204247745118337e+05,1.477039184865164279e+05,-2.007275875124681043e+05,2.455473895240078273e+05,-2.504485341392093396e+05
-2.638316677490242873e+05,2.678518255911727902e+05,8.900860361367187579e+04,-2.013812639150648320e+05,2.437788289347176033e+05,-2.604209394724424055e+05
-2.692228943903563777e+05,2.702519923704615212e+05,1.843788982293987356e+05,-1.845063583784030925e+05,2.441585508780522796e+05,-2.398201158213341259e+05
-2.690597169530684478e+05,2.701817803767104633e+05,1.643996032111014356e+05,-1.942256992594893964e+05,2.449641058276358235e+05,-2.464816227437241178e+05
-2.691831212444885168e+05,2.702346780476986896e+05,1.793231406806513842e+05,-1.872209917109099042e+05,2.443754735714420094e+05,-2.417657339951268805e+05
-2.689755895397056593e+05,2.701463387551167398e+05,1.546924767889661016e+05,-1.981472970726939675e+05,2.453117200425067276e+05,-2.489227885567579069e+05
-2.689761082012204570e+05,2.701228062123429845e+05,1.060788595941597887e+05,-2.119257500863766472e+05,2.460470892570974538e+05,-2.574016402026101423e+05
-2.697510723787217867e+05,2.704686348298731609e+05,1.970188662825085630e+05,-1.762096248830168624e+05,2.420153213109021017e+05,-2.332846349875314918e+05
-2.689779769549705088e+05,2.701473381210972439e+05,1.549637202983623720e+05,-1.980433229866476031e+05,2.453023382952340762e+05,-2.488599581402475887e+05
-2.695914207576297922e+05,2.703944772263392224e+05,1.763988315580649942e+05,-1.880331172248197836e+05,2.432176327114308369e+05,-2.426906775213209621e+05
-2.684350787443721783e+05,2.697335037869706284e+05,1.095918383323603193e+05,-2.119611232177726633e+05,2.424435327777204802e+05,-2.552747456099544943e+05
-2.692770970606973278e+05,2.702758458403708646e+05,1.915712689901810954e+05,-1.802648556930839841e+05,2.438321473410634790e+05,-2.366542387863387121e+05
-2.684044399873855291e+05,2.699172807302909787e+05,9.568785098429012578e+04,-2.157304542656946287e+05,2.470139454418412643e+05,-2.579948640429522784e+05
-2.690865358990382520e+05,2.701931799299031263e+05,1.675647282733286556e+05,-1.928489459545104182e+05,2.448451311083901674e+05,-2.455902354615875229e+05
-2.631018758235246059e+05,2.408257063634603401e+05,1.078810193761213595e+05,-2.134038807275835425e+05,1.693905264897116867e+05,-2.546864703438141732e+05
-2.690475340806377353e+05,2.701766185211634729e+05,1.629738232844110753e+05,-1.948291321834561531e+05,2.450167561936156126e+05,-2.468667333965675498e+05
-2.631018758235246059e+05,2.408257063634603401e+05,1.078810193761213595e+05,-2.134038807275835425e+05,1.693905264897116867e+05,-2.546864703438141732e+05
-2.690059673688040930e+05,2.701590823971123318e+05,1.581615422617866134e+05,-1.967943283449318842e+05,2.451903404445840570e+05,-2.480971002866890340e+05
-2.690109260289287777e+05,2.701611683031981229e+05,1.587315399585173291e+05,-1.965670778362403216e+05,2.451701023816984089e+05,-2.479566975288421381e+05
-2.691945733542399830e+05,2.702396486882457975e+05,1.807633162223861145e+05,-1.864679195618265949e+05,2.443146690050778270e+05,-2.412324434717374970e+05
-2.690439434901899658e+05,2.701750991366885137e+05,1.625549830288761877e+05,-1.950044964465500670e+05,2.450321144052956079e+05,-2.469780090284365870e+05
-2.691935736866825609e+05,2.702392143338822061e+05,1.806371323520401202e+05,-1.865345232294998423e+05,2.443200272945355973e+05,-2.412798100089637155e+05
-2.692721867590543698e+05,2.702736709963468020e+05,1.909014552768512222e+05,-1.806809087588780676e+05,2.438634891989388852e+05,-2.369714061054015474e+05
-2.678992293814699515e+05,2.695775647066165111e+05,4.893607989363694651e+04,-2.226409970260609698e+05,2.474874997024628101e+05,-2.611289579052042682e+05
-2.696255754268916207e+05,2.704101711612836225e+05,1.806520211749008449e+05,-1.858945891944864416e+05,2.429909249067223282e+05,-2.410854280593999429e+05
-2.690686743121152394e+05,2.701855821372474893e+05,1.654525969163083064e+05,-1.937734722243963915e+05,2.449248494092613691e+05,-2.461907749378829612e+05
-2.692833369578063721e+05,2.702786140399716678e+05,1.924287668693590094e+05,-1.797253828672897653e+05,2.437917266882848635e+05,-2.362408829969404323e+05
-2.690676380275096162e+05,2.701851420222595334e+05,1.653305671910343226e+05,-1.938261711953978811e+05,2.449294151682303927e+05,-2.462247664505996800e+05
-2.697647413575891987e+05,2.704750987861746107e+05,1.989171070819754095e+05,-1.748977538871068682e+05,2.418895257161943300e+05,-2.321656638174715627e+05
-2.696005524662243552e+05,2.703986653929907479e+05,1.775302245975543919e+05,-1.874767709596643399e+05,2.431582546802014695e+05,-2.422773530233198544e+05
-2.697727878297650022e+05,2.704789156011659070e+05,2.000518726861170144e+05,-1.740904222852884268e+05,2.418128590157448489e+05,-2.314702172362839920e+05
-2.638378468699154910e+05,2.678557017771801911e+05,8.762464523982071842e+04,-2.018385695684939565e+05,2.438489776876439864e+05,-2.605386564997336827e+05
-2.678117109303810867e+05,2.697011854452814441e+05,4.691452204135713691e+04,-2.260547650747934240e+05,2.480525982019144867e+05,-2.617551661100228375e+05
-2.631018758235246059e+05,2.408257063634603401e+05,1.078810193761213595e+05,-2.134038807275835425e+05,1.693905264897116867e+05,-2.546864703438141732e+05
-2.690542211774761672e+05,2.701562412498507183e+05,1.144289337975316885e+05,-2.098058624211646675e+05,2.457731230113405036e+05,-2.563456897578176286e+05
-2.631019726998737897e+05,2.408257712295014935e+05,1.078829139867404010e+05,-2.134032277615007188e+05,1.693899649996876542e+05,-2.546864206093926041e+05
-2.631018758235246059e+05,2.408257063634603401e+05,1.078810193761213595e+05,-2.134038807275835425e+05,1.693905264897116867e+05,-2.546864703438141732e+05
-2.692472062927520019e+05,2.702626514569934225e+05,1.875541714896730846e+05,-1.826932453077261744e+05,2.440171544499210431e+05,-2.384852723929494096e+05
-2.669928845371131902e+05,2.623154767563360510e+05,9.042291759130838909e+04,-2.188065662026076461e+05,1.790913108902374806e+05,-2.600638856856329658e+05
-2.631018758235246059e+05,2.408257063634603401e+05,1.078810193761213595e+05,-2.134038807275835425e+05,1.693905264897116867e+05,-2.546864703438141732e+05
-2.669926557169410517e+05,2.623154889144319459e+05,9.040921425285447913e+04,-2.188104565215061884e+05,1.790954943603494030e+05,-2.600646545403183554e+05
-2.631018758235246059e+05,2.408257063634603401e+05,1.078810193761213595e+05,-2.134038807275835425e+05,1.693905264897116867e+05,-2.546864703438141732e+05
-2.690671010889303870e+05,2.701849140114186448e+05,1.652673605048807513e+05,-1.938534370231227658e+05,2.449317783575037902e+05,-2.462423430786323152e+05
-2.686368868618256529e+05,2.700081223251483170e+05,1.183294995797848387e+05,-2.099240650204562990e+05,2.464294222141068312e+05,-2.553496401267591573e+05
-2.690118931415554252e+05,2.701615753170284443e+05,1.588428346774151141e+05,-1.965225382664936478e+05,2.451661409080964513e+05,-2.479291218766103266e+05
-2.631018951989366906e+05,2.408257193367601722e+05,1.078813982986853371e+05,-2.134037501348847873e+05,1.693904141920869297e+05,-2.546864603972077020e+05
-2.684346200646312791e+05,2.699288887282302603e+05,9.851961836499314813e+04,-2.150498438079222979e+05,2.469446945199241454e+05,-2.577035007011148846e+05
-2.690721060199489584e+05,2.701870401367720915e+05,1.658570980108154472e+05,-1.935982350121132913e+05,2.449096839677992975e+05,-2.460775582932135439e+05
-2.693642403486985131e+05,2.703150914408955723e+05,2.045097530898457917e+05,-1.711733867520418135e+05,2.431838800158461090e+05,-2.293850904300101683e+05
-2.691936539059802308e+05,2.702392491857800633e+05,1.806472547129102168e+05,-1.865291847992842668e+05,2.443195976769133704e+05,-2.412760149110303319e+05
-2.696449643031479791e+05,2.704191170431076898e+05,1.830950444960039458e+05,-1.846051501571450790e+05,2.428562247124366695e+05,-2.400962398646202055e+05
-2.685990289565358544e+05,2.699931037900137017e+05,1.145130784634726151e+05,-2.109665251692703750e+05,2.465331108158759889e+05,-2.558508321374342486e+05
-2.689461049435768509e+05,2.701340266433557845e+05,1.513615281714850280e+05,-1.994002236974078405e+05,2.454254746528249234e+05,-2.496717196550430963e+05
-2.693778678754922585e+05,2.703213927286577527e+05,2.068423557586451934e+05,-1.692777486638228875e+05,2.430575177292725421e+05,-2.277927013403317833e+05
-2.690654618087050039e+05,2.701842180159700220e+05,1.650744804777172103e+05,-1.939365137251609704e+05,2.449389826625295100e+05,-2.462958547761407390e+05
-2.688563445759710739e+05,2.700968802309448947e+05,1.414251613908917352e+05,-2.028980778313328919e+05,2.457498007657514536e+05,-2.516815881590045756e+05
-2.692277271189180319e+05,2.702541063742872793e+05,1.850043769661782717e+05,-1.841561633751369081e+05,2.441310232084494492e+05,-2.395644786824762705e+05
-2.631018951989366906e+05,2.408257193367601722e+05,1.078813982986853371e+05,-2.134037501348847873e+05,1.693904141920869297e+05,-2.546864603972077020e+05
-2.690314882465556148e+05,2.701698353910036385e+05,1.611068019517740177e+05,-1.956043451504354307e+05,2.450848437481583387e+05,-2.473564447064044944e+05
-2.679647475268139970e+05,2.697013440653134021e+05,1.068074778859341604e+05,-2.129726252076470992e+05,2.468915614972208859e+05,-2.539011274805855937e+05
-2.692982328945464105e+05,2.702852436637561768e+05,1.945071604838379135e+05,-1.783847094754311838e+05,2.436923436118992977e+05,-2.352034530120827840e+05
-2.690574912374116830e+05,2.701808365829272079e+05,1.641385804190724448e+05,-1.943369293194104976e+05,2.449737877656409983e+05,-2.465528665772338572e+05
-2.695912590836766176e+05,2.703944031263618381e+05,1.763788361123175710e+05,-1.880428711549880682e+05,2.432186762474250572e+05,-2.426978968721113342e+05
-2.682194210002826294e+05,2.698473645131323719e+05,7.905206299266581482e+04,-2.195166108452141925e+05,2.474004068186322984e+05,-2.595215107669768040e+05
-2.690710953068048111e+05,2.701866106381602585e+05,1.657379005261084822e+05,-1.936499619401602831e+05,2.449141578433516843e+05,-2.461110076461471908e+05
-2.670279567805742263e+05,2.623135357350149425e+05,9.253801494268592796e+04,-2.182024545699308510e+05,1.784417854696698487e+05,-2.599433017315111647e+05
-2.689340887410510331e+05,2.701290247654300765e+05,1.500138393301467004e+05,-1.998950164566243184e+05,2.454707523077152437e+05,-2.499632929693409242e+05
-2.631018758235246059e+05,2.408257063634603401e+05,1.078810193761213595e+05,-2.134038807275835425e+05,1.693905264897116867e+05,-2.546864703438141732e+05
-2.693340261264897417e+05,2.703013167616095161e+05,1.997295341820463655e+05,-1.747897782771457569e+05,2.434333689994856250e+05,-2.323518456817941915e+05
-2.690702961167229805e+05,2.701862710762066999e+05,1.656436861469681899e+05,-1.936907948501457577e+05,2.449176910866978578e+05,-2.461373947282368899e+05
-2.687095680240497459e+05,2.700371968906016555e+05,1.257946836137335631e+05,-2.077966853685833630e+05,2.462199478134690435e+05,-2.542919436613258149e+05
-2.690722976388119860e+05,2.701871215725523653e+05,1.658797023573590559e+05,-1.935884172709756822e+05,2.449088350836965255e+05,-2.460712068081912294e+05
-2.690405585958130541e+05,2.701736675975936814e+05,1.621606987887183204e+05,-1.951688036320601532e+05,2.450465276958068716e+05,-2.470820056540448277e+05
-2.631018758235246059e+05,2.408257063634603401e+05,1.078810193761213595e+05,-2.134038807275835425e+05,1.693905264897116867e+05,-2.546864703438141732e+05
-2.685837702617959585e+05,2.699870749559365213e+05,1.129888824519227783e+05,-2.113749350018864498e+05,2.465739062532248790e+05,-2.560440918551939831e+05
-2.690585890868600691e+05,2.701813020728465635e+05,1.642673009693811764e+05,-1.942821202709085774e+05,2.449690156505580526e+05,-2.465177753876941570e+05
-2.692251230993354693e+05,2.702529669974150602e+05,1.846670185592682683e+05,-1.843454571365815063e+05,2.441458900279188820e+05,-2.397027908430732205e+05
-2.683725266046306351e+05,2.697097580116912141e+05,1.048551570431013824e+05,-2.133455060278127203e+05,2.425751064567837166e+05,-2.557866447416431329e+05
-2.686395165869347402e+05,2.700091687606376363e+05,1.185964365185088100e+05,-2.098500554321790987e+05,2.464220858252033649e+05,-2.553136281154625758e+05
-2.690114069253699854e+05,2.701613706829715520e+05,1.587868760937297775e+05,-1.965449394875605067e+05,2.451681331282091560e+05,-2.479429934391556890e+05
-2.682522106948805740e+05,2.698595971206024988e+05,8.190847219028537802e+04,-2.188900560593066039e+05,2.473364600898133649e+05,-2.592801070672030619e+05
-2.697914713088715798e+05,2.704878157069798326e+05,2.027464959943854483e+05,-1.720990186732458533e+05,2.416261859233436408e+05,-2.297332851675607380e+05
-2.688893001857193303e+05,2.701104606132356566e+05,1.450387530728263955e+05,-2.016648944793216942e+05,2.456343377805037890e+05,-2.509867049570329837e+05
-2.692304118115202873e+05,2.702552817607442266e+05,1.853530138581543870e+05,-1.839595167952411284e+05,2.441156111436617502e+05,-2.394204693971332745e+05
-2.690024727424649172e+05,2.701576133220625343e+05,1.577604760103035660e+05,-1.969533728071697697e+05,2.452045299509897886e+05,-2.481950702238789818e+05
-2.689013097885993193e+05,2.701154261699132039e+05,1.463654358621821448e+05,-2.012013613251885690e+05,2.455912503499126178e+05,-2.507216363270596776e+05
-2.690768814165260992e+05,2.701890703951831092e+05,1.664209982113730221e+05,-1.933525158667771902e+05,2.448884624934855092e+05,-2.459183228071682970e+05
-2.678723407144562225e+05,2.695675937413547072e+05,4.735229855094778031e+04,-2.229568345674860757e+05,2.475315046191970468e+05,-2.612181644856594212e+05
-2.631018758235246059e+05,2.408257063634603401e+05,1.078810193761213595e+05,-2.134038807275835425e+05,1.693905264897116867e+05,-2.546864703438141732e+05
-2.641842373598584672e+05,2.680476072321577813e+05,3.823795050193455972e+04,-2.162440410539056174e+05,2.461256080580909620e+05,-2.637506024994612671e+05
-2.697539862026995979e+05,2.704700107589213876e+05,1.974206512943334237e+05,-1.759358608369491412e+05,2.419889456228615018e+05,-2.330522757357445662e+05
-2.685831824971967144e+05,2.699868430063634296e+05,1.129303320151185908e+05,-2.113905361252389557e+05,2.465754664821796468e+05,-2.560514396266959084e+05
-2.690799160558365402e+05,2.701903614082266577e+05,1.667799642815739790e+05,-1.931952217022757395e+05,2.448749045785975177e+05,-2.458160950781948050e+05
-2.683853500560501125e+05,2.698801181309753447e+05,4.934257351704342727e+04,-2.238594550259076059e+05,2.476592524130795500e+05,-2.623909959660514141e+05
-2.662261547678002971e+05,2.688890895650652237e+05,7.059990000863539171e+04,-2.130111551130026928e+05,2.447966544706368586e+05,-2.615067100756868895e+05
-2.691767967105243006e+05,2.702319378537872690e+05,1.785326691583397333e+05,-1.876278435926012753e+05,2.444085241071763739e+05,-2.420517661367815745e+05
-2.690825040413087117e+05,2.701914629195465823e+05,1.670864824479822710e+05,-1.930603655510778481e+05,2.448632973372351553e+05,-2.457282670131544000e+05
-2.670225659919208265e+05,2.623138441810592776e+05,9.221100970691646216e+04,-2.182963313845079974e+05,1.785427044427940273e+05,-2.599621946334210224e+05
-2.688109525558465393e+05,2.700782836148214992e+05,1.365112947261564550e+05,-2.045102752250232152e+05,2.459025464507256111e+05,-2.525672955409082933e+05
-2.696150829820819199e+05,2.704053413394892705e+05,1.793389985351627693e+05,-1.865687002668614441e+05,2.430619412736295199e+05,-2.415962299317027500e+05
-2.696958638691682718e+05,2.704427413994189701e+05,1.896334546567538346e+05,-1.809052440509017033e+05,2.424779613658783783e+05,-2.371716115488689393e+05
-2.686483917695498094e+05,2.700127034927952918e+05,1.194990923435272416e+05,-2.095986982775995566e+05,2.463971948902297299e+05,-2.551908973769133736e+05
-2.690516856095955009e+05,2.701783763689925545e+05,1.634588692779633275e+05,-1.946249769294748257e+05,2.449989090679292567e+05,-2.467368242920240154e+05
-2.693558892842626665e+05,2.703112603509933106e+05,2.031424854627791501e+05,-1.722429182290405734e+05,2.432565139561770775e+05,-2.302723921217453608e+05
-2.689967520918208174e+05,2.701316134744450683e+05,1.082683056324783247e+05,-2.113818660470072355e+05,2.459763745431607822e+05,-2.571354846445266157e+05
-2.690775500353447278e+05,2.701893547866982990e+05,1.665000470301058085e+05,-1.933179364588998142e+05,2.448854801421229786e+05,-2.458958688910821511e+05
-2.690577236067751073e+05,2.701809351009604288e+05,1.641658202604109829e+05,-1.943253375714170106e+05,2.449727782842227025e+05,-2.465454473726002034e+05
-2.696784039535955526e+05,2.704346134857568541e+05,1.873673793376604444e+05,-1.822313674002635817e+05,2.426121395488393609e+05,-2.382343175866962993e+05
-2.610228013315965945e+05,2.644028092394359410e+05,1.055565866976220714e+05,-2.002680710785471310e+05,2.309668082244695397e+05,-2.594522767723098223e+05
-2.669926042328156764e+05,2.623154916490871692e+05,9.040613119809808268e+04,-2.188113317460970138e+05,1.790964355377850297e+05,-2.600648274998023116e+05
-2.631018758235246059e+05,2.408257063634603401e+05,1.078810193761213595e+05,-2.134038807275835425e+05,1.693905264897116867e+05,-2.546864703438141732e+05
-2.686349459421124775e+05,2.700073502497161389e+05,1.181326343856930616e+05,-2.099785532166876364e+05,2.464348256599623128e+05,-2.553761169787057734e+05
-2.631018758235246059e+05,2.408257063634603401e+05,1.078810193761213595e+05,-2.134038807275835425e+05,1.693905264897116867e+05,-2.546864703438141732e+05
-2.697623709653526312e+05,2.704739761027311324e+05,1.985853893657095323e+05,-1.751304290416686854e+05,2.419117271048325638e+05,-2.323651359778030019e+05
-2.640418982453640201e+05,2.679713374099419452e+05,5.489590095119623584e+04,-2.117391859349767037e+05,2.453974250728187035e+05,-2.628524294847875717e+05
-2.695963853265824728e+05,2.703967534830809454e+05,1.770134344450319768e+05,-1.877319847949997347e+05,2.431854583238884225e+05,-2.424673350338647142e+05
-2.690371074625363690e+05,2.701722088448617142e+05,1.617592547379682073e+05,-1.953353286314649740e+05,2.450611586662647314e+05,-2.471871462490069389e+05
-2.692424642967878608e+05,2.702605675766172935e+05,1.869289916753725265e+05,-1.830573172890527640e+05,2.440453227596159268e+05,-2.387555458952768531e+05
-2.685800241409365553e+05,2.699855969812380499e+05,1.126159163790875900e+05,-2.114742045183674200e+05,2.465838362442284415e+05,-2.560908019077837234e+05
-2.690151821544093546e+05,2.701394939004439511e+05,1.102335571685156028e+05,-2.108865948127264564e+05,2.459122345495490008e+05,-2.568902554029215826e+05
-2.638319509428125457e+05,2.678520043057080475e+05,8.894414351518267358e+04,-2.014026446959404275e+05,2.437821063752682821e+05,-2.604264642966536921e+05
-2.610227145359959104e+05,2.644064450017160270e+05,1.052937286243958515e+05,-2.003688591747070604e+05,2.309960875462408294e+05,-2.594733370329515310e+05
-2.679516098688477068e+05,2.697500854324873653e+05,5.723333445217260305e+04,-2.240430240189256729e+05,2.478568221305058105e+05,-2.611258658437282429e+05
-2.631019533245576895e+05,2.408257582562586467e+05,1.078825350613691844e+05,-2.134033583565060108e+05,1.693900772991653939e+05,-2.546864305566515832e+05
-2.690565398981349426e+05,2.701804332808743347e+05,1.640270860985728505e+05,-1.943843362717506534e+05,2.449779174350213143e+05,-2.465831959028111887e+05
-2.610251384212081321e+05,2.645196741003193893e+05,9.728446776371414308e+04,-2.033741710700194235e+05,2.318595232973336533e+05,-2.600780274061598175e+05
-2.690788324775994988e+05,2.701899003514971118e+05,1.666517323879085016e+05,-1.932514898462110723e+05,2.448797521912763768e+05,-2.458526909847217903e+05
-2.690500500495453016e+05,2.701776836963308160e+05,1.632676783036745619e+05,-1.947055870007020712e+05,2.450059517626208253e+05,-2.467881653101970733e+05
-2.686870359547526459e+05,2.700281495036882698e+05,1.234609857923676464e+05,-2.084749327252982766e+05,2.462864077371265448e+05,-2.546342121492199658e+05
-2.641727095178251038e+05,2.680414440896842862e+05,3.949805643234812305e+04,-2.159131637653795187e+05,2.460715136287311907e+05,-2.636881564941608813e+05
-2.692706328066151473e+05,2.702729833555290243e+05,1.906903537917975627e+05,-1.808110800356341060e+05,2.438733253387421428e+05,-2.370703474264165270e+05
-2.690336034034966724e+05,2.701707285447655595e+05,1.613522232591423963e+05,-1.955033895552198519e+05,2.450759481770959974e+05,-2.472929911408952612e+05
-2.631018758235246059e+05,2.408257063634603401e+05,1.078810193761213595e+05,-2.134038807275835425e+05,1.693905264897116867e+05,-2.546864703438141732e+05
-2.696914358836769825e+05,2.704406775671416544e+05,1.890561609961115464e+05,-1.812477643012583139e+05,2.425124686437167693e+05,-2.374476159304920293e+05
-2.692208008777826326e+05,2.702510773107458372e+05,1.841087637991413649e+05,-1.846565808496919635e+05,2.441703912987023359e+05,-2.399294534478932328e+05
-2.690541775865065865e+05,2.701794320940064499e+05,1.637504225061187753e+05,-1.945017042179863492e+05,2.449881496202772250e+05,-2.466581931533257884e+05
-2.690741697459913557e+05,2.701879173321117996e+05,1.661006460285370704e+05,-1.934923140871981741e+05,2.449005298841095064e+05,-2.460089864171789668e+05
-2.690851538221713272e+05,2.701925912266945816e+05,1.674006918339771801e+05,-1.929216014192875591e+05,2.448513697693932627e+05,-2.456377175041157461e+05
-2.693601082465674262e+05,2.703131932327062241e+05,2.038280670757970947e+05,-1.717103280478266825e+05,2.432202239105979679e+05,-2.298315659184238466e+05
-2.685690315816148068e+05,2.699812649282600614e+05,1.115243061985387030e+05,-2.117632676744454948e+05,2.466127821147242794e+05,-2.562262269526567543e+05
-2.684153381550526829e+05,2.699214659355879412e+05,9.670664197336534562e+04,-2.154869188373211655e+05,2.469891509488746233e+05,-2.578911906807595806e+05
-2.690878949884470785e+05,2.701937589748437749e+05,1.677261377084836131e+05,-1.927773112821163959e+05,2.448389844672131294e+05,-2.455433726178627112e+05
-2.690697455194032518e+05,2.701860371630442096e+05,1.655787968373052427e+05,-1.937188913279366097e+05,2.449201230722560722e+05,-2.461555422265626548e+05
-2.684523619249428157e+05,2.699357389137275750e+05,1.001995478147687827e+05,-2.146405162329203449e+05,2.469031152554089495e+05,-2.575258399094846682e+05
-2.692367385666278424e+05,2.702580545817349921e+05,1.861780356125186663e+05,-1.834899600207494514e+05,2.440789427430552314e+05,-2.390752673265797785e+05
-2.684344173196412157e+05,2.698995384919286589e+05,5.358409038434717513e+04,-2.230754987673336873e+05,2.475512036864231632e+05,-2.621151418538943981e+05
-2.685443053080560640e+05,2.699715472745873849e+05,1.090842630965583667e+05,-2.124015830090752279e+05,2.466768577247690991e+05,-2.565221543820787047e+05
-2.631019533245576895e+05,2.408257582562586467e+05,1.078825350613691844e+05,-2.134033583565060108e+05,1.693900772991653939e+05,-2.546864305566515832e+05
-2.693439202345889644e+05,2.703058027054817649e+05,2.012477898057569109e+05,-1.736776245477203920e+05,2.433554659577480343e+05,-2.314496813507849874e+05
-2.693132013526690425e+05,2.702919386595286196e+05,1.966468359296675480e+05,-1.769527926359706908e+05,2.435878787701049587e+05,-2.340796329418348905e+05
-2.685352029561002273e+05,2.699679792959283805e+05,1.081914024864745006e+05,-2.126325207866471610e+05,2.467000908759169979e+05,-2.566281567160378618e+05
-2.631020501994843362e+05,2.408258231213836698e+05,1.078844296675864171e+05,-2.134027053852451209e+05,1.693895158053407504e+05,-2.546863808194515877e+05
-2.631018758235246059e+05,2.408257063634603401e+05,1.078810193761213595e+05,-2.134038807275835425e+05,1.693905264897116867e+05,-2.546864703438141732e+05
-2.690713649667176069e+05,2.701867252220740193e+05,1.657696974450388807e+05,-1.936361705956386286e+05,2.449129648056525621e+05,-2.461020918767750554e+05
-2.676096287649385049e+05,2.695814966291903402e+05,9.880536555994034279e+04,-2.105480835399607022e+05,2.483499332631037978e+05,-2.582425463272061606e+05
-2.690900498906180728e+05,2.701946773503642180e+05,1.679822673849695129e+05,-1.926633470820114308e+05,2.448292146646084730e+05,-2.454687201450127759e+05
-2.683440385057239910e+05,2.698942187525696354e+05,9.011917448081985640e+04,-2.170363819052624458e+05,2.471471281476272852e+05,-2.585396422990939463e+05
-2.631020695744448458e+05,2.408258360943974985e+05,1.078848085918571451e+05,-2.134025747889452905e+05,1.693894035049129161e+05,-2.546863708714980748e+05
-2.641897904365548748e+05,2.680505771660715691e+05,3.763522014763410698e+04,-2.164017829716855485e+05,2.461514330603953567e+05,-2.637801686999506783e+05
-2.631018758235246059e+05,2.408257063634603401e+05,1.078810193761213595e+05,-2.134038807275835425e+05,1.693905264897116867e+05,-2.546864703438141732e+05
-2.683705660519780940e+05,2.699043192551861284e+05,9.254857748361791892e+04,-2.164717824908295006e+05,2.470895087085608684e+05,-2.583064328039345855e+05
-2.611416162892738939e+05,2.652517671522560995e+05,5.015673639958507556e+04,-2.191792370710214600e+05,2.359663375323226501e+05,-2.624452933832925628e+05
-2.683774880141121102e+05,2.699069620604419615e+05,9.318669777663759305e+04,-2.163221836085454561e+05,2.470742506631803990e+05,-2.582440473368802341e+05
-2.690433658426245092e+05,2.701748547829431482e+05,1.624876582079728832e+05,-1.950326052910107828e+05,2.450345785504338564e+05,-2.469958182856089261e+05
-2.631018758235246059e+05,2.408257063634603401e+05,1.078810193761213595e+05,-2.134038807275835425e+05,1.693905264897116867e+05,-2.546864703438141732e+05
-2.691688031837824383e+05,2.702284794075986138e+05,1.775383158366893767e+05,-1.881332876668208046e+05,2.444497796472929476e+05,-2.424050676575981779e+05
-2.686194961854526191e+05,2.700012125932935742e+05,1.165702154616507178e+05,-2.104082111405721225e+05,2.464774972110106610e+05,-2.555838150970361603e+05
-2.631018758235246059e+05,2.408257063634603401e+05,1.078810193761213595e+05,-2.134038807275835425e+05,1.693905264897116867e+05,-2.546864703438141732e+05
-2.673887854315417353e+05,2.693718643023834447e+05,4.545933405585562286e+04,-2.282822342886804836e+05,2.437250695697253395e+05,-2.600453618854180968e+05
-2.687116854841496097e+05,2.700380486881798715e+05,1.260148889759962185e+05,-2.077320383422492887e+05,2.462136295937378309e+05,-2.542590746353188006e+05
-2.692323103358839871e+05,2.702561133947105263e+05,1.856000744831654883e+05,-1.838195276671227766e+05,2.441046595883014961e+05,-2.393177506350514595e+05
-2.631021276979568647e+05,2.408258750125330116e+05,1.078859453449108551e+05,-2.134021830048470001e+05,1.693890666079533694e+05,-2.546863410272878828e+05
-2.684463030410526553e+05,2.699333973819377716e+05,9.962458421000766975e+04,-2.147810865111794265e+05,2.469173879511760315e+05,-2.575870568661282596e+05
-2.675864370322399773e+05,2.695723697698360775e+05,9.627116214181679243e+04,-2.111839634075437789e+05,2.484193034064749954e+05,-2.584987116770844150e+05
-2.684207795106733101e+05,2.697280509342632140e+05,1.084982446060941147e+05,-2.122843408571525943e+05,2.424744451589388773e+05,-2.553958594177304185e+05
-2.690753360811308376e+05,2.701884132203593035e+05,1.662383877062203828e+05,-1.934322713876412599e+05,2.448953449736431648e+05,-2.459700691046501743e+05
-2.690347622317054775e+05,2.701712180034844787e+05,1.614867696068683581e+05,-1.954479228146526730e+05,2.450710644351345545e+05,-2.472580876492123061e+05
-2.690565028776719118e+05,2.701804175880211405e+05,1.640227483062756946e+05,-1.943861794260609022e+05,2.449780780323416402e+05,-2.465843746634893760e+05
-2.689594482564399950e+05,2.701157138758565416e+05,1.043211868941459106e+05,-2.123565466857356078e+05,2.461033063966578629e+05,-2.576101151314399031e+05
-2.693143347425560351e+05,2.702924470611509751e+05,1.968112141291384760e+05,-1.768405113344496058e+05,2.435797607646278630e+05,-2.339908306786692119e+05
-2.631018758235246059e+05,2.408257063634603401e+05,1.078810193761213595e+05,-2.134038807275835425e+05,1.693905264897116867e+05,-2.546864703438141732e+05
-2.685626571980674053e+05,2.699787561961761094e+05,1.108932278555506782e+05,-2.119293836797249096e+05,2.466294367771013640e+05,-2.563036535987555399e+05
-2.690256048779727425e+05,2.701673526387722231e+05,1.604252350721356052e+05,-1.958832375225235883e+05,2.451094623784399009e+05,-2.475312355248803506e+05
-2.638127658183827298e+05,2.678396232771493960e+05,9.357330895821831655e+04,-1.998464937626380706e+05,2.435441311893028324e+05,-2.600189471845239750e+05
-2.696335975239041727e+05,2.704138691539331921e+05,1.816600823938844260e+05,-1.853681969280194317e+05,2.429357552789228212e+05,-2.406835226867225138e+05
-2.685284060103817028e+05,2.699653182800860377e+05,1.075265749365776428e+05,-2.128035812115441659e+05,2.467173169758020085e+05,-2.567063098946526006e+05
-2.631018758235246059e+05,2.408257063634603401e+05,1.078810193761213595e+05,-2.134038807275835425e+05,1.693905264897116867e+05,-2.546864703438141732e+05
-2.691916189508740208e+05,2.702383652607001713e+05,1.803906582316918357e+05,-1.866642719771057891e+05,2.443304764528399101e+05,-2.413719716842352063e+05
-2.685859573726056260e+05,2.699879382387528894e+05,1.132068578364022251e+05,-2.113167976094830083e+05,2.465680932706021122e+05,-2.560166879745742190e+05
-2.691720796850189217e+05,2.702298963546587038e+05,1.779452721583654929e+05,-1.879272701236252906e+05,2.444329378045365447e+05,-2.422613371186008153e+05
-2.696502085756197339e+05,2.704215415189601481e+05,1.837598490637955838e+05,-1.842460050473290612e+05,2.428189725264595763e+05,-2.398179144018397201e+05
-2.690533283483755658e+05,2.701790722666775691e+05,1.636510303434750822e+05,-1.945437759304037318e+05,2.449918202721387788e+05,-2.466850451931547432e+05
-2.693747524363771081e+05,2.703199460632777191e+05,2.062963065827353857e+05,-1.697298573935612512e+05,2.430873794924881950e+05,-2.281747393095727602e+05
-2.685491642267237185e+05,2.699734539512511110e+05,1.095620669124957785e+05,-2.122774258678682090e+05,2.466643780870958581e+05,-2.564649316305255343e+05
-2.690320720966992085e+05,2.701700818995799636e+05,1.611745253669341328e+05,-1.955765149403892283e+05,2.450823906722360698e+05,-2.473389622220500605e+05
-2.692403531242480967e+05,2.702596405913433991e+05,1.866516121778113593e+05,-1.832177108575972961e+05,2.440577681500162289e+05,-2.388742610508982325e+05
-2.631018951989366906e+05,2.408257193367601722e+05,1.078813982986853371e+05,-2.134037501348847873e+05,1.693904141920869297e+05,-2.546864603972077020e+05
-2.641901438341053436e+05,2.680507662012157380e+05,3.759695361993472034e+04,-2.164117864970285736e+05,2.461530715963738621e+05,-2.637820392336574732e+05
-2.685963187078786432e+05,2.699920319232016336e+05,1.142417613390202896e+05,-2.110395482773689728e+05,2.465403980425164045e+05,-2.558855150030171790e+05
-2.683288842687937431e+05,2.698884684889193159e+05,8.874284996308802511e+04,-2.173528525011485908e+05,2.471794435608270578e+05,-2.586688059063611436e+05
-2.690351698769537034e+05,2.701713902037013322e+05,1.615341142773405882e+05,-1.954283846494607278e+05,2.450693447510985425e+05,-2.472457859664262796e+05
-2.631018758235246059e+05,2.408257063634603401e+05,1.078810193761213595e+05,-2.134038807275835425e+05,1.693905264897116867e+05,-2.546864703438141732e+05
-2.683866709378914675e+05,2.699104727074692491e+05,9.403592887486703694e+04,-2.161222369588059373e+05,2.470538645394289051e+05,-2.581602794920308224e+05
-2.631019688816574053e+05,2.408257686729160196e+05,1.078828393133334612e+05,-2.134032534973968868e+05,1.693899871301462990e+05,-2.546864225696732174e+05
-2.677005371608664864e+05,2.694719767028049100e+05,6.140276197293193400e+04,-2.245931200498322141e+05,2.435106566233922786e+05,-2.592316291050791624e+05
-2.696283682861939305e+05,2.704114580742353573e+05,1.810025512465505162e+05,-1.857124336900697381e+05,2.429718054985977942e+05,-2.409466508792799432e+05
-2.692058676726424019e+05,2.702445623302479507e+05,1.821954993745134561e+05,-1.857033790910345851e+05,2.442534314193812315e+05,-2.406859466936003882e+05
-2.685169205014927429e+05,2.699608280645713094e+05,1.064068314543782908e+05,-2.130899866663923021e+05,2.467461896893055236e+05,-2.568364644340635568e+05
-2.697018618395858794e+05,2.704455398071177769e+05,1.904184470242704265e+05,-1.804341886893245683e+05,2.424306741874086438e+05,-2.367903190119688225e+05
-2.678185006421217113e+05,2.697035276726902230e+05,4.739825794513073197e+04,-2.259619288043948181e+05,2.480437220832141466e+05,-2.617273379930651572e+05
-2.686956227248639334e+05,2.700315937896921532e+05,1.243482833428615850e+05,-2.082185206735313986e+05,2.462612458296820114e+05,-2.545053713546819927e+05
-2.637014837349242880e+05,2.674589998157303198e+05,1.901714558185313654e+05,-1.690199025620585890e+05,2.424846411127521424e+05,-2.437086313054933271e+05
-2.692408148738487507e+05,2.702598432985421387e+05,1.867122304293987399e+05,-1.831827178215605090e+05,2.440550510783394566e+05,-2.388483795438020024e+05
-2.631018758235246059e+05,2.408257063634603401e+05,1.078810193761213595e+05,-2.134038807275835425e+05,1.693905264897116867e+05,-2.546864703438141732e+05
-2.683847868062798516e+05,2.699097519728545449e+05,9.386143679203689680e+04,-2.161634004554772982e+05,2.470580607870143431e+05,-2.581775610695798532e+05
-2.690558573761479347e+05,2.701801439772285521e+05,1.639471239248459460e+05,-1.944182975657894567e+05,2.449808770022463286e+05,-2.466049102053656534e+05
-2.696969742939423304e+05,2.704432592311914195e+05,1.897785170833476586e+05,-1.808186593641303771e+05,2.424692548012214247e+05,-2.371016746976870345e+05
-2.690676328163832077e+05,2.701851398092591553e+05,1.653299536832856247e+05,-1.938264359466979513e+05,2.449294381117941230e+05,-2.462249371531148790e+05
-2.631018758235246059e+05,2.408257063634603401e+05,1.078810193761213595e+05,-2.134038807275835425e+05,1.693905264897116867e+05,-2.546864703438141732e+05
-2.684540257741181413e+05,2.699363823241682258e+05,1.003576695195494249e+05,-2.146017700400545727e+05,2.468991824006514798e+05,-2.575089286692267051e+05
-2.692408375685435021e+05,2.702598532620513579e+05,1.867152104871820193e+05,-1.831809966742235993e+05,2.440549174648446206e+05,-2.388471062835306511e+05
-2.631018758235246059e+05,2.408257063634603401e+05,1.078810193761213595e+05,-2.134038807275835425e+05,1.693905264897116867e+05,-2.546864703438141732e+05
-2.631018758235246059e+05,2.408257063634603401e+05,1.078810193761213595e+05,-2.134038807275835425e+05,1.693905264897116867e+05,-2.546864703438141732e+05
-2.684599857334442204e+05,2.699386884361112025e+05,1.009248758486493898e+05,-2.144624680574857630e+05,2.468850472561272327e+05,-2.574479943731073872e+05
-2.690510961141432635e+05,2.701548978897887864e+05,1.140914845439556811e+05,-2.098940077488961688e+05,2.457844252491979278e+05,-2.563905895479357278e+05
-2.690420685185032198e+05,2.701743060777303763e+05,1.623365128112084058e+05,-1.950956304292816494e+05,2.450401060242540552e+05,-2.470357228177372599e+05
-2.695898227436862653e+05,2.703937448851403315e+05,1.762012462649369845e+05,-1.881293825265656342e+05,2.432279355658793356e+05,-2.427618871075000789e+05
-2.693691251910133869e+05,2.703173424996389658e+05,2.053299513983798970e+05,-1.705173225996420952e+05,2.431398036807888420e+05,-2.288368015804215684e+05
-2.690482560460653622e+05,2.701769241323349997e+05,1.630581147229836788e+05,-1.947937368805701553e+05,2.450136594466656097e+05,-2.468442385601922288e+05
-2.690733066919335397e+05,2.701875504509398597e+05,1.659987668695951870e+05,-1.935366599161962222e+05,2.449043612648855778e+05,-2.460377080739986559e+05
-2.690517720131338574e+05,2.701551883957547834e+05,1.141644455925938382e+05,-2.098749679920096241e+05,2.457819832582698727e+05,-2.563808982864459686e+05
-2.669923868304695352e+05,2.623155031931105768e+05,9.039311305826647731e+04,-2.188150271975475771e+05,1.791004094658532995e+05,-2.600655577296328847e+05
-2.631018758235246059e+05,2.408257063634603401e+05,1.078810193761213595e+05,-2.134038807275835425e+05,1.693905264897116867e+05,-2.546864703438141732e+05
-2.689938394707029802e+05,2.701303696022378281e+05,1.079586361608421867e+05,-2.114592902044949587e+05,2.459864232886217942e+05,-2.571735740356622264e+05
-2.678351257044063532e+05,2.696563800330673694e+05,9.875285163551388541e+04,-2.150855761123717530e+05,2.471232898021654983e+05,-2.547512401519898558e+05
-2.631018758235246059e+05,2.408257063634603401e+05,1.078810193761213595e+05,-2.134038807275835425e+05,1.693905264897116867e+05,-2.546864703438141732e+05
-2.631018758235246059e+05,2.408257063634603401e+05,1.078810193761213595e+05,-2.134038807275835425e+05,1.693905264897116867e+05,-2.546864703438141732e+05
-2.690507217381855007e+05,2.701779681396083324e+05,1.633461805435588176e+05,-1.946725106271312397e+05,2.450030613036545110e+05,-2.467671061647100723e+05
-2.690554179124107468e+05,2.701799577167660464e+05,1.638956498445270408e+05,-1.944401425829738437e+05,2.449827812059927674e+05,-2.466188718389034620e+05
-2.696322023222835269e+05,2.704132256646145252e+05,1.814844910953040817e+05,-1.854604516834982787e+05,2.429454062081662123e+05,-2.407541516195503063e+05
-2.678391941997557296e+05,2.696577787338820053e+05,9.899969582300237380e+04,-2.150223313189698092e+05,2.471163228466986911e+05,-2.547265035133000056e+05
-2.691368178894685116e+05,2.701919193823336391e+05,1.234471413478855102e+05,-2.073652823086057615e+05,2.454632983545320167e+05,-2.550684444720190950e+05
-2.690471969358327915e+05,2.701764758184691891e+05,1.629344692875169567e+05,-1.948456456587180146e+05,2.450182013234434708e+05,-2.468772242012850766e+05
-2.692220867649635184e+05,2.702516393121574656e+05,1.842746291660986026e+05,-1.845644151777837251e+05,2.441631245979015948e+05,-2.398623947598960367e+05
-2.690833408150775358e+05,2.701918191733369022e+05,1.671856657160160248e+05,-1.930166207920531160e+05,2.448595354699023592e+05,-2.456997409837455198e+05
-2.631018758235246059e+05,2.408257063634603401e+05,1.078810193761213595e+05,-2.134038807275835425e+05,1.693905264897116867e+05,-2.546864703438141732e+05
-2.690637717732974561e+05,2.701835006672836607e+05,1.648757711222047510e+05,-1.940219017711862107e+05,2.449463934674994380e+05,-2.463507880369954801e+05
-2.691798451317016152e+05,2.702332581970406463e+05,1.789132553530755104e+05,-1.874325222382265492e+05,2.443926396613659163e+05,-2.419146306876040762e+05
-2.690491081248674891e+05,2.701540435676962370e+05,1.138769632445100724e+05,-2.099499299958558986e+05,2.457915997987090668e+05,-2.564190308487686270e+05
-2.631018758235246059e+05,2.408257063634603401e+05,1.078810193761213595e+05,-2.134038807275835425e+05,1.693905264897116867e+05,-2.546864703438141732e+05
-2.690520420983198564e+05,2.701785273691504844e+05,1.635005587458339578e+05,-1.946073758390195435e+05,2.449973720329655916e+05,-2.467256059356011392e+05
-2.631019920746474527e+05,2.408257842023829289e+05,1.078832929026725906e+05,-2.134030971694138134e+05,1.693898527027520468e+05,-2.546864106622367690e+05
-2.690597959462649305e+05,2.701818138793294202e+05,1.644088717317186529e+05,-1.942217433403126779e+05,2.449637616794706264e+05,-2.464790868079749052e+05
-2.689225640443335287e+05,2.701242360104875406e+05,1.487264840895280940e+05,-2.003613929473691096e+05,2.455136124037742266e+05,-2.502359406724719156e+05
-2.695894693350386224e+05,2.703935829471131437e+05,1.761575652492800436e+05,-1.881506288413678121e+05,2.432302106039977225e+05,-2.427775911913085147e+05
-2.685518683278052486e+05,2.699745156808156753e+05,1.098283331940422649e+05,-2.122080616015956621e+05,2.466574093522240000e+05,-2.564328913177100767e+05
-2.690281956523592235e+05,2.701684456467081909e+05,1.607251720981756807e+05,-1.957607712799034780e+05,2.450986439070207416e+05,-2.474545726895678963e+05
-2.631018758235246059e+05,2.408257063634603401e+05,1.078810193761213595e+05,-2.134038807275835425e+05,1.693905264897116867e+05,-2.546864703438141732e+05
-2.690835192667762749e+05,2.701918951550399652e+05,1.672068225658903248e+05,-1.930072827144514304e+05,2.448587326434678980e+05,-2.456936493070574070e+05
-2.683720659695527283e+05,2.699048916701846756e+05,9.268670414943862124e+04,-2.164394469574395334e+05,2.470862103473942552e+05,-2.582929692907382851e+05
-2.690250054353635060e+05,2.701670998071160866e+05,1.603558803205572476e+05,-1.959114963598933537e+05,2.451119605022162432e+05,-2.475489051390575187e+05
-2.631018758235246059e+05,2.408257063634603401e+05,1.078810193761213595e+05,-2.134038807275835425e+05,1.693905264897116867e+05,-2.546864703438141732e+05
-2.692310714967467939e+05,2.702555706892468152e+05,1.854388117420524941e+05,-1.839109621694773086e+05,2.441118107584956742e+05,-2.393848607714494865e+05
-2.679478143923431053e+05,2.697487411401444115e+05,5.694360635807846847e+04,-2.241004757981428120e+05,2.478624996044031286e+05,-2.611445851016903180e+05
